institution,host,registrable_domain,proposed_decision,proposed_status_if_accepted,current_decision,pages,reached_only_by_redirect,sibling_hosts_same_institution,responsibilities_claimed,access_breakdown,workload_candidates,question,evidence,not_evidence
australian national university (anu),programsandcourses.anu.edu.au,anu.edu.au,NEEDS_REVIEW,VERIFIED_OFFICIAL,NONE (official_domain has no row for this host),1,False,"[""www.anu.edu.au""]","[""PROGRAM_CATALOG""]","{""BODY_EVIDENCE"": 1}",0,"Is programsandcourses.anu.edu.au controlled by, or officially authorised for, australian national university (anu)?","[{""kind"": ""SUBMITTED_BY_CLIENT"", ""detail"": ""1 page(s) submitted on this host by the client workbook for australian national university (anu)""}, {""kind"": ""SIBLING_OF_SUBMITTED_HOST"", ""detail"": ""shares the registrable domain anu.edu.au with www.anu.edu.au. A relationship to check, not a reason to inherit trust""}, {""kind"": ""PAGE_EVIDENCE_AVAILABLE"", ""detail"": ""1 page(s) have a stored body a reviewer can read. Evidence availability, not officialness""}]","[""HTTP 200 on any page"", ""the top-level domain"", ""0 extracted candidates""]"
australian national university (anu),www.anu.edu.au,anu.edu.au,NEEDS_REVIEW,VERIFIED_OFFICIAL,NONE (official_domain has no row for this host),9,False,"[""programsandcourses.anu.edu.au""]","[""ACADEMIC_CALENDAR"", ""APPLICATION_DEADLINES"", ""ENTRY_REQUIREMENTS"", ""LANGUAGE_REQUIREMENTS"", ""PHD_ADMISSIONS"", ""POSTGRADUATE_ADMISSIONS"", ""TUITION_FEES"", ""UNDERGRADUATE_ADMISSIONS"", ""UNIVERSITY_HOME""]","{""BODY_EVIDENCE"": 5, ""DEAD_NOT_FOUND"": 4}",8,"Is www.anu.edu.au controlled by, or officially authorised for, australian national university (anu)?","[{""kind"": ""SUBMITTED_BY_CLIENT"", ""detail"": ""9 page(s) submitted on this host by the client workbook for australian national university (anu)""}, {""kind"": ""PAGE_TITLE_NAMES_INSTITUTION"", ""detail"": ""5 of 5 stored title(s) name the institution, e.g. 'Apply | The Australian National University'""}, {""kind"": ""SIBLING_OF_SUBMITTED_HOST"", ""detail"": ""shares the registrable domain anu.edu.au with programsandcourses.anu.edu.au. A relationship to check, not a reason to inherit trust""}, {""kind"": ""PAGE_EVIDENCE_AVAILABLE"", ""detail"": ""5 page(s) have a stored body a reviewer can read. Evidence availability, not officialness""}]","[""HTTP 200 on any page"", ""the top-level domain"", ""8 extracted candidates""]"
california institute of technology (caltech),catalog.caltech.edu,caltech.edu,NEEDS_REVIEW,VERIFIED_OFFICIAL,NONE (official_domain has no row for this host),1,False,"[""finaid.caltech.edu"", ""gradoffice.caltech.edu"", ""registrar.caltech.edu"", ""www.admissions.caltech.edu"", ""www.caltech.edu""]","[""PROGRAM_CATALOG""]","{""BODY_EVIDENCE"": 1}",2,"Is catalog.caltech.edu controlled by, or officially authorised for, california institute of technology (caltech)?","[{""kind"": ""SUBMITTED_BY_CLIENT"", ""detail"": ""1 page(s) submitted on this host by the client workbook for california institute of technology (caltech)""}, {""kind"": ""HOST_MATCHES_INSTITUTION_TOKEN"", ""detail"": ""hostname contains caltech""}, {""kind"": ""PAGE_TITLE_NAMES_INSTITUTION"", ""detail"": ""1 of 1 stored title(s) name the institution, e.g. '2026-2027 Catalog | Caltech Academic Catalog'""}, {""kind"": ""SIBLING_OF_SUBMITTED_HOST"", ""detail"": ""shares the registrable domain caltech.edu with finaid.caltech.edu, gradoffice.caltech.edu, registrar.caltech.edu, www.admissions.caltech.edu, www.caltech.edu. A relationship to check, not a reason to inherit trust""}, {""kind"": ""PAGE_EVIDENCE_AVAILABLE"", ""detail"": ""1 page(s) have a stored body a reviewer can read. Evidence availability, not officialness""}]","[""HTTP 200 on any page"", ""the top-level domain"", ""2 extracted candidates""]"
california institute of technology (caltech),finaid.caltech.edu,caltech.edu,NEEDS_REVIEW,VERIFIED_OFFICIAL,NONE (official_domain has no row for this host),1,False,"[""catalog.caltech.edu"", ""gradoffice.caltech.edu"", ""registrar.caltech.edu"", ""www.admissions.caltech.edu"", ""www.caltech.edu""]","[""TUITION_FEES""]","{""TLS_FAILURE"": 1}",0,"Is finaid.caltech.edu controlled by, or officially authorised for, california institute of technology (caltech)?","[{""kind"": ""SUBMITTED_BY_CLIENT"", ""detail"": ""1 page(s) submitted on this host by the client workbook for california institute of technology (caltech)""}, {""kind"": ""HOST_MATCHES_INSTITUTION_TOKEN"", ""detail"": ""hostname contains caltech""}, {""kind"": ""SIBLING_OF_SUBMITTED_HOST"", ""detail"": ""shares the registrable domain caltech.edu with catalog.caltech.edu, gradoffice.caltech.edu, registrar.caltech.edu, www.admissions.caltech.edu, www.caltech.edu. A relationship to check, not a reason to inherit trust""}]","[""HTTP 200 on any page"", ""the top-level domain"", ""0 extracted candidates""]"
california institute of technology (caltech),gradoffice.caltech.edu,caltech.edu,NEEDS_REVIEW,VERIFIED_OFFICIAL,NONE (official_domain has no row for this host),2,False,"[""catalog.caltech.edu"", ""finaid.caltech.edu"", ""registrar.caltech.edu"", ""www.admissions.caltech.edu"", ""www.caltech.edu""]","[""LANGUAGE_REQUIREMENTS"", ""POSTGRADUATE_ADMISSIONS""]","{""BODY_EVIDENCE"": 1, ""DEAD_NOT_FOUND"": 1}",7,"Is gradoffice.caltech.edu controlled by, or officially authorised for, california institute of technology (caltech)?","[{""kind"": ""SUBMITTED_BY_CLIENT"", ""detail"": ""2 page(s) submitted on this host by the client workbook for california institute of technology (caltech)""}, {""kind"": ""HOST_MATCHES_INSTITUTION_TOKEN"", ""detail"": ""hostname contains caltech""}, {""kind"": ""SIBLING_OF_SUBMITTED_HOST"", ""detail"": ""shares the registrable domain caltech.edu with catalog.caltech.edu, finaid.caltech.edu, registrar.caltech.edu, www.admissions.caltech.edu, www.caltech.edu. A relationship to check, not a reason to inherit trust""}, {""kind"": ""PAGE_EVIDENCE_AVAILABLE"", ""detail"": ""1 page(s) have a stored body a reviewer can read. Evidence availability, not officialness""}]","[""HTTP 200 on any page"", ""the top-level domain"", ""7 extracted candidates""]"
california institute of technology (caltech),registrar.caltech.edu,caltech.edu,NEEDS_REVIEW,VERIFIED_OFFICIAL,NONE (official_domain has no row for this host),1,False,"[""catalog.caltech.edu"", ""finaid.caltech.edu"", ""gradoffice.caltech.edu"", ""www.admissions.caltech.edu"", ""www.caltech.edu""]","[""ACADEMIC_CALENDAR""]","{""BODY_EVIDENCE"": 1}",74,"Is registrar.caltech.edu controlled by, or officially authorised for, california institute of technology (caltech)?","[{""kind"": ""SUBMITTED_BY_CLIENT"", ""detail"": ""1 page(s) submitted on this host by the client workbook for california institute of technology (caltech)""}, {""kind"": ""HOST_MATCHES_INSTITUTION_TOKEN"", ""detail"": ""hostname contains caltech""}, {""kind"": ""PAGE_TITLE_NAMES_INSTITUTION"", ""detail"": ""1 of 1 stored title(s) name the institution, e.g. 'CALIFORNIA INSTITUTE OF TECHNOLOGY'""}, {""kind"": ""SIBLING_OF_SUBMITTED_HOST"", ""detail"": ""shares the registrable domain caltech.edu with catalog.caltech.edu, finaid.caltech.edu, gradoffice.caltech.edu, www.admissions.caltech.edu, www.caltech.edu. A relationship to check, not a reason to inherit trust""}, {""kind"": ""PAGE_EVIDENCE_AVAILABLE"", ""detail"": ""1 page(s) have a stored body a reviewer can read. Evidence availability, not officialness""}]","[""HTTP 200 on any page"", ""the top-level domain"", ""74 extracted candidates""]"
california institute of technology (caltech),www.admissions.caltech.edu,caltech.edu,NEEDS_REVIEW,VERIFIED_OFFICIAL,NONE (official_domain has no row for this host),3,False,"[""catalog.caltech.edu"", ""finaid.caltech.edu"", ""gradoffice.caltech.edu"", ""registrar.caltech.edu"", ""www.caltech.edu""]","[""APPLICATION_DEADLINES"", ""ENTRY_REQUIREMENTS"", ""UNDERGRADUATE_ADMISSIONS""]","{""BODY_EVIDENCE"": 3}",17,"Is www.admissions.caltech.edu controlled by, or officially authorised for, california institute of technology (caltech)?","[{""kind"": ""SUBMITTED_BY_CLIENT"", ""detail"": ""3 page(s) submitted on this host by the client workbook for california institute of technology (caltech)""}, {""kind"": ""HOST_MATCHES_INSTITUTION_TOKEN"", ""detail"": ""hostname contains caltech""}, {""kind"": ""SIBLING_OF_SUBMITTED_HOST"", ""detail"": ""shares the registrable domain caltech.edu with catalog.caltech.edu, finaid.caltech.edu, gradoffice.caltech.edu, registrar.caltech.edu, www.caltech.edu. A relationship to check, not a reason to inherit trust""}, {""kind"": ""PAGE_EVIDENCE_AVAILABLE"", ""detail"": ""3 page(s) have a stored body a reviewer can read. Evidence availability, not officialness""}]","[""HTTP 200 on any page"", ""the top-level domain"", ""17 extracted candidates""]"
california institute of technology (caltech),www.caltech.edu,caltech.edu,NEEDS_REVIEW,VERIFIED_OFFICIAL,NONE (official_domain has no row for this host),1,False,"[""catalog.caltech.edu"", ""finaid.caltech.edu"", ""gradoffice.caltech.edu"", ""registrar.caltech.edu"", ""www.admissions.caltech.edu""]","[""UNIVERSITY_HOME""]","{""BODY_EVIDENCE"": 1}",0,"Is www.caltech.edu controlled by, or officially authorised for, california institute of technology (caltech)?","[{""kind"": ""SUBMITTED_BY_CLIENT"", ""detail"": ""1 page(s) submitted on this host by the client workbook for california institute of technology (caltech)""}, {""kind"": ""HOST_MATCHES_INSTITUTION_TOKEN"", ""detail"": ""hostname contains caltech""}, {""kind"": ""PAGE_TITLE_NAMES_INSTITUTION"", ""detail"": ""1 of 1 stored title(s) name the institution, e.g. 'Home - www.caltech.edu'""}, {""kind"": ""SIBLING_OF_SUBMITTED_HOST"", ""detail"": ""shares the registrable domain caltech.edu with catalog.caltech.edu, finaid.caltech.edu, gradoffice.caltech.edu, registrar.caltech.edu, www.admissions.caltech.edu. A relationship to check, not a reason to inherit trust""}, {""kind"": ""PAGE_EVIDENCE_AVAILABLE"", ""detail"": ""1 page(s) have a stored body a reviewer can read. Evidence availability, not officialness""}]","[""HTTP 200 on any page"", ""the top-level domain"", ""0 extracted candidates""]"
columbia university,bulletin.columbia.edu,columbia.edu,NEEDS_REVIEW,VERIFIED_OFFICIAL,NONE (official_domain has no row for this host),1,False,"[""registrar.columbia.edu"", ""undergrad.admissions.columbia.edu"", ""www.columbia.edu"", ""www.gs.columbia.edu"", ""www.gsas.columbia.edu""]","[""PROGRAM_CATALOG""]","{""BODY_EVIDENCE"": 1}",0,"Is bulletin.columbia.edu controlled by, or officially authorised for, columbia university?","[{""kind"": ""SUBMITTED_BY_CLIENT"", ""detail"": ""1 page(s) submitted on this host by the client workbook for columbia university""}, {""kind"": ""HOST_MATCHES_INSTITUTION_TOKEN"", ""detail"": ""hostname contains columbia""}, {""kind"": ""PAGE_TITLE_NAMES_INSTITUTION"", ""detail"": ""1 of 1 stored title(s) name the institution, e.g. 'Columbia University < Columbia University'""}, {""kind"": ""SIBLING_OF_SUBMITTED_HOST"", ""detail"": ""shares the registrable domain columbia.edu with registrar.columbia.edu, undergrad.admissions.columbia.edu, www.columbia.edu, www.gs.columbia.edu, www.gsas.columbia.edu. A relationship to check, not a reason to inherit trust""}, {""kind"": ""PAGE_EVIDENCE_AVAILABLE"", ""detail"": ""1 page(s) have a stored body a reviewer can read. Evidence availability, not officialness""}]","[""HTTP 200 on any page"", ""the top-level domain"", ""0 extracted candidates""]"
columbia university,registrar.columbia.edu,columbia.edu,NEEDS_REVIEW,VERIFIED_OFFICIAL,NONE (official_domain has no row for this host),1,False,"[""bulletin.columbia.edu"", ""undergrad.admissions.columbia.edu"", ""www.columbia.edu"", ""www.gs.columbia.edu"", ""www.gsas.columbia.edu""]","[""ACADEMIC_CALENDAR""]","{""BLOCKED"": 1}",0,"Is registrar.columbia.edu controlled by, or officially authorised for, columbia university?","[{""kind"": ""SUBMITTED_BY_CLIENT"", ""detail"": ""1 page(s) submitted on this host by the client workbook for columbia university""}, {""kind"": ""HOST_MATCHES_INSTITUTION_TOKEN"", ""detail"": ""hostname contains columbia""}, {""kind"": ""SIBLING_OF_SUBMITTED_HOST"", ""detail"": ""shares the registrable domain columbia.edu with bulletin.columbia.edu, undergrad.admissions.columbia.edu, www.columbia.edu, www.gs.columbia.edu, www.gsas.columbia.edu. A relationship to check, not a reason to inherit trust""}, {""kind"": ""ACCESS_BLOCKED"", ""detail"": ""1 page(s) refused automated access. Section 8: this is not evidence the domain is unofficial""}]","[""HTTP 200 on any page"", ""the top-level domain"", ""0 extracted candidates""]"
columbia university,undergrad.admissions.columbia.edu,columbia.edu,NEEDS_REVIEW,VERIFIED_OFFICIAL,NONE (official_domain has no row for this host),3,False,"[""bulletin.columbia.edu"", ""registrar.columbia.edu"", ""www.columbia.edu"", ""www.gs.columbia.edu"", ""www.gsas.columbia.edu""]","[""ENTRY_REQUIREMENTS"", ""TUITION_FEES"", ""UNDERGRADUATE_ADMISSIONS""]","{""BLOCKED"": 3}",0,"Is undergrad.admissions.columbia.edu controlled by, or officially authorised for, columbia university?","[{""kind"": ""SUBMITTED_BY_CLIENT"", ""detail"": ""3 page(s) submitted on this host by the client workbook for columbia university""}, {""kind"": ""HOST_MATCHES_INSTITUTION_TOKEN"", ""detail"": ""hostname contains columbia""}, {""kind"": ""SIBLING_OF_SUBMITTED_HOST"", ""detail"": ""shares the registrable domain columbia.edu with bulletin.columbia.edu, registrar.columbia.edu, www.columbia.edu, www.gs.columbia.edu, www.gsas.columbia.edu. A relationship to check, not a reason to inherit trust""}, {""kind"": ""ACCESS_BLOCKED"", ""detail"": ""3 page(s) refused automated access. Section 8: this is not evidence the domain is unofficial""}]","[""HTTP 200 on any page"", ""the top-level domain"", ""0 extracted candidates""]"
columbia university,www.columbia.edu,columbia.edu,NEEDS_REVIEW,VERIFIED_OFFICIAL,NONE (official_domain has no row for this host),1,False,"[""bulletin.columbia.edu"", ""registrar.columbia.edu"", ""undergrad.admissions.columbia.edu"", ""www.gs.columbia.edu"", ""www.gsas.columbia.edu""]","[""UNIVERSITY_HOME""]","{""BLOCKED"": 1}",0,"Is www.columbia.edu controlled by, or officially authorised for, columbia university?","[{""kind"": ""SUBMITTED_BY_CLIENT"", ""detail"": ""1 page(s) submitted on this host by the client workbook for columbia university""}, {""kind"": ""HOST_MATCHES_INSTITUTION_TOKEN"", ""detail"": ""hostname contains columbia""}, {""kind"": ""SIBLING_OF_SUBMITTED_HOST"", ""detail"": ""shares the registrable domain columbia.edu with bulletin.columbia.edu, registrar.columbia.edu, undergrad.admissions.columbia.edu, www.gs.columbia.edu, www.gsas.columbia.edu. A relationship to check, not a reason to inherit trust""}, {""kind"": ""ACCESS_BLOCKED"", ""detail"": ""1 page(s) refused automated access. Section 8: this is not evidence the domain is unofficial""}]","[""HTTP 200 on any page"", ""the top-level domain"", ""0 extracted candidates""]"
columbia university,www.gs.columbia.edu,columbia.edu,NEEDS_REVIEW,VERIFIED_OFFICIAL,NONE (official_domain has no row for this host),1,False,"[""bulletin.columbia.edu"", ""registrar.columbia.edu"", ""undergrad.admissions.columbia.edu"", ""www.columbia.edu"", ""www.gsas.columbia.edu""]","[""POSTGRADUATE_ADMISSIONS""]","{""BLOCKED"": 1}",0,"Is www.gs.columbia.edu controlled by, or officially authorised for, columbia university?","[{""kind"": ""SUBMITTED_BY_CLIENT"", ""detail"": ""1 page(s) submitted on this host by the client workbook for columbia university""}, {""kind"": ""HOST_MATCHES_INSTITUTION_TOKEN"", ""detail"": ""hostname contains columbia""}, {""kind"": ""SIBLING_OF_SUBMITTED_HOST"", ""detail"": ""shares the registrable domain columbia.edu with bulletin.columbia.edu, registrar.columbia.edu, undergrad.admissions.columbia.edu, www.columbia.edu, www.gsas.columbia.edu. A relationship to check, not a reason to inherit trust""}, {""kind"": ""ACCESS_BLOCKED"", ""detail"": ""1 page(s) refused automated access. Section 8: this is not evidence the domain is unofficial""}]","[""HTTP 200 on any page"", ""the top-level domain"", ""0 extracted candidates""]"
columbia university,www.gsas.columbia.edu,columbia.edu,NEEDS_REVIEW,VERIFIED_OFFICIAL,NONE (official_domain has no row for this host),2,False,"[""bulletin.columbia.edu"", ""registrar.columbia.edu"", ""undergrad.admissions.columbia.edu"", ""www.columbia.edu"", ""www.gs.columbia.edu""]","[""LANGUAGE_REQUIREMENTS"", ""PHD_ADMISSIONS""]","{""BLOCKED"": 2}",0,"Is www.gsas.columbia.edu controlled by, or officially authorised for, columbia university?","[{""kind"": ""SUBMITTED_BY_CLIENT"", ""detail"": ""2 page(s) submitted on this host by the client workbook for columbia university""}, {""kind"": ""HOST_MATCHES_INSTITUTION_TOKEN"", ""detail"": ""hostname contains columbia""}, {""kind"": ""SIBLING_OF_SUBMITTED_HOST"", ""detail"": ""shares the registrable domain columbia.edu with bulletin.columbia.edu, registrar.columbia.edu, undergrad.admissions.columbia.edu, www.columbia.edu, www.gs.columbia.edu. A relationship to check, not a reason to inherit trust""}, {""kind"": ""ACCESS_BLOCKED"", ""detail"": ""2 page(s) refused automated access. Section 8: this is not evidence the domain is unofficial""}]","[""HTTP 200 on any page"", ""the top-level domain"", ""0 extracted candidates""]"
cornell university,admissions.cornell.edu,cornell.edu,NEEDS_REVIEW,VERIFIED_OFFICIAL,NONE (official_domain has no row for this host),2,False,"[""courses.cornell.edu"", ""finaid.cornell.edu"", ""gradschool.cornell.edu"", ""registrar.cornell.edu"", ""www.cornell.edu""]","[""ENTRY_REQUIREMENTS"", ""UNDERGRADUATE_ADMISSIONS""]","{""BODY_EVIDENCE"": 2}",28,"Is admissions.cornell.edu controlled by, or officially authorised for, cornell university?","[{""kind"": ""SUBMITTED_BY_CLIENT"", ""detail"": ""2 page(s) submitted on this host by the client workbook for cornell university""}, {""kind"": ""HOST_MATCHES_INSTITUTION_TOKEN"", ""detail"": ""hostname contains cornell""}, {""kind"": ""SIBLING_OF_SUBMITTED_HOST"", ""detail"": ""shares the registrable domain cornell.edu with courses.cornell.edu, finaid.cornell.edu, gradschool.cornell.edu, registrar.cornell.edu, www.cornell.edu. A relationship to check, not a reason to inherit trust""}, {""kind"": ""PAGE_EVIDENCE_AVAILABLE"", ""detail"": ""2 page(s) have a stored body a reviewer can read. Evidence availability, not officialness""}]","[""HTTP 200 on any page"", ""the top-level domain"", ""28 extracted candidates""]"
cornell university,courses.cornell.edu,cornell.edu,NEEDS_REVIEW,VERIFIED_OFFICIAL,NONE (official_domain has no row for this host),1,False,"[""admissions.cornell.edu"", ""finaid.cornell.edu"", ""gradschool.cornell.edu"", ""registrar.cornell.edu"", ""www.cornell.edu""]","[""PROGRAM_CATALOG""]","{""OTHER_HTTP"": 1}",0,"Is courses.cornell.edu controlled by, or officially authorised for, cornell university?","[{""kind"": ""SUBMITTED_BY_CLIENT"", ""detail"": ""1 page(s) submitted on this host by the client workbook for cornell university""}, {""kind"": ""HOST_MATCHES_INSTITUTION_TOKEN"", ""detail"": ""hostname contains cornell""}, {""kind"": ""SIBLING_OF_SUBMITTED_HOST"", ""detail"": ""shares the registrable domain cornell.edu with admissions.cornell.edu, finaid.cornell.edu, gradschool.cornell.edu, registrar.cornell.edu, www.cornell.edu. A relationship to check, not a reason to inherit trust""}]","[""HTTP 200 on any page"", ""the top-level domain"", ""0 extracted candidates""]"
cornell university,finaid.cornell.edu,cornell.edu,NEEDS_REVIEW,VERIFIED_OFFICIAL,NONE (official_domain has no row for this host),1,False,"[""admissions.cornell.edu"", ""courses.cornell.edu"", ""gradschool.cornell.edu"", ""registrar.cornell.edu"", ""www.cornell.edu""]","[""TUITION_FEES""]","{""BODY_EVIDENCE"": 1}",1,"Is finaid.cornell.edu controlled by, or officially authorised for, cornell university?","[{""kind"": ""SUBMITTED_BY_CLIENT"", ""detail"": ""1 page(s) submitted on this host by the client workbook for cornell university""}, {""kind"": ""HOST_MATCHES_INSTITUTION_TOKEN"", ""detail"": ""hostname contains cornell""}, {""kind"": ""SIBLING_OF_SUBMITTED_HOST"", ""detail"": ""shares the registrable domain cornell.edu with admissions.cornell.edu, courses.cornell.edu, gradschool.cornell.edu, registrar.cornell.edu, www.cornell.edu. A relationship to check, not a reason to inherit trust""}, {""kind"": ""PAGE_EVIDENCE_AVAILABLE"", ""detail"": ""1 page(s) have a stored body a reviewer can read. Evidence availability, not officialness""}]","[""HTTP 200 on any page"", ""the top-level domain"", ""1 extracted candidates""]"
cornell university,gradschool.cornell.edu,cornell.edu,NEEDS_REVIEW,VERIFIED_OFFICIAL,NONE (official_domain has no row for this host),2,False,"[""admissions.cornell.edu"", ""courses.cornell.edu"", ""finaid.cornell.edu"", ""registrar.cornell.edu"", ""www.cornell.edu""]","[""LANGUAGE_REQUIREMENTS"", ""POSTGRADUATE_ADMISSIONS""]","{""BLOCKED"": 2}",0,"Is gradschool.cornell.edu controlled by, or officially authorised for, cornell university?","[{""kind"": ""SUBMITTED_BY_CLIENT"", ""detail"": ""2 page(s) submitted on this host by the client workbook for cornell university""}, {""kind"": ""HOST_MATCHES_INSTITUTION_TOKEN"", ""detail"": ""hostname contains cornell""}, {""kind"": ""SIBLING_OF_SUBMITTED_HOST"", ""detail"": ""shares the registrable domain cornell.edu with admissions.cornell.edu, courses.cornell.edu, finaid.cornell.edu, registrar.cornell.edu, www.cornell.edu. A relationship to check, not a reason to inherit trust""}, {""kind"": ""ACCESS_BLOCKED"", ""detail"": ""2 page(s) refused automated access. Section 8: this is not evidence the domain is unofficial""}]","[""HTTP 200 on any page"", ""the top-level domain"", ""0 extracted candidates""]"
cornell university,registrar.cornell.edu,cornell.edu,NEEDS_REVIEW,VERIFIED_OFFICIAL,NONE (official_domain has no row for this host),1,False,"[""admissions.cornell.edu"", ""courses.cornell.edu"", ""finaid.cornell.edu"", ""gradschool.cornell.edu"", ""www.cornell.edu""]","[""ACADEMIC_CALENDAR""]","{""BODY_EVIDENCE"": 1}",158,"Is registrar.cornell.edu controlled by, or officially authorised for, cornell university?","[{""kind"": ""SUBMITTED_BY_CLIENT"", ""detail"": ""1 page(s) submitted on this host by the client workbook for cornell university""}, {""kind"": ""HOST_MATCHES_INSTITUTION_TOKEN"", ""detail"": ""hostname contains cornell""}, {""kind"": ""SIBLING_OF_SUBMITTED_HOST"", ""detail"": ""shares the registrable domain cornell.edu with admissions.cornell.edu, courses.cornell.edu, finaid.cornell.edu, gradschool.cornell.edu, www.cornell.edu. A relationship to check, not a reason to inherit trust""}, {""kind"": ""PAGE_EVIDENCE_AVAILABLE"", ""detail"": ""1 page(s) have a stored body a reviewer can read. Evidence availability, not officialness""}]","[""HTTP 200 on any page"", ""the top-level domain"", ""158 extracted candidates""]"
cornell university,www.cornell.edu,cornell.edu,NEEDS_REVIEW,VERIFIED_OFFICIAL,NONE (official_domain has no row for this host),1,False,"[""admissions.cornell.edu"", ""courses.cornell.edu"", ""finaid.cornell.edu"", ""gradschool.cornell.edu"", ""registrar.cornell.edu""]","[""UNIVERSITY_HOME""]","{""BODY_EVIDENCE"": 1}",0,"Is www.cornell.edu controlled by, or officially authorised for, cornell university?","[{""kind"": ""SUBMITTED_BY_CLIENT"", ""detail"": ""1 page(s) submitted on this host by the client workbook for cornell university""}, {""kind"": ""HOST_MATCHES_INSTITUTION_TOKEN"", ""detail"": ""hostname contains cornell""}, {""kind"": ""PAGE_TITLE_NAMES_INSTITUTION"", ""detail"": ""1 of 1 stored title(s) name the institution, e.g. 'Cornell University'""}, {""kind"": ""SIBLING_OF_SUBMITTED_HOST"", ""detail"": ""shares the registrable domain cornell.edu with admissions.cornell.edu, courses.cornell.edu, finaid.cornell.edu, gradschool.cornell.edu, registrar.cornell.edu. A relationship to check, not a reason to inherit trust""}, {""kind"": ""PAGE_EVIDENCE_AVAILABLE"", ""detail"": ""1 page(s) have a stored body a reviewer can read. Evidence availability, not officialness""}]","[""HTTP 200 on any page"", ""the top-level domain"", ""0 extracted candidates""]"
harvard university,catalog.my.harvard.edu,harvard.edu,NEEDS_REVIEW,VERIFIED_OFFICIAL,NONE (official_domain has no row for this host),1,False,"[""college.harvard.edu"", ""gsas.harvard.edu"", ""registrar.fas.harvard.edu"", ""www.harvard.edu""]","[""PROGRAM_CATALOG""]","{""DEAD_HOST"": 1}",0,"Is catalog.my.harvard.edu controlled by, or officially authorised for, harvard university?","[{""kind"": ""SUBMITTED_BY_CLIENT"", ""detail"": ""1 page(s) submitted on this host by the client workbook for harvard university""}, {""kind"": ""HOST_MATCHES_INSTITUTION_TOKEN"", ""detail"": ""hostname contains harvard""}, {""kind"": ""SIBLING_OF_SUBMITTED_HOST"", ""detail"": ""shares the registrable domain harvard.edu with college.harvard.edu, gsas.harvard.edu, registrar.fas.harvard.edu, www.harvard.edu. A relationship to check, not a reason to inherit trust""}]","[""HTTP 200 on any page"", ""the top-level domain"", ""0 extracted candidates""]"
harvard university,college.harvard.edu,harvard.edu,NEEDS_REVIEW,VERIFIED_OFFICIAL,NONE (official_domain has no row for this host),3,False,"[""catalog.my.harvard.edu"", ""gsas.harvard.edu"", ""registrar.fas.harvard.edu"", ""www.harvard.edu""]","[""ENTRY_REQUIREMENTS"", ""TUITION_FEES"", ""UNDERGRADUATE_ADMISSIONS""]","{""BODY_EVIDENCE"": 3}",74,"Is college.harvard.edu controlled by, or officially authorised for, harvard university?","[{""kind"": ""SUBMITTED_BY_CLIENT"", ""detail"": ""3 page(s) submitted on this host by the client workbook for harvard university""}, {""kind"": ""HOST_MATCHES_INSTITUTION_TOKEN"", ""detail"": ""hostname contains harvard""}, {""kind"": ""PAGE_TITLE_NAMES_INSTITUTION"", ""detail"": ""3 of 3 stored title(s) name the institution, e.g. 'Admissions | Harvard College'""}, {""kind"": ""SIBLING_OF_SUBMITTED_HOST"", ""detail"": ""shares the registrable domain harvard.edu with catalog.my.harvard.edu, gsas.harvard.edu, registrar.fas.harvard.edu, www.harvard.edu. A relationship to check, not a reason to inherit trust""}, {""kind"": ""PAGE_EVIDENCE_AVAILABLE"", ""detail"": ""3 page(s) have a stored body a reviewer can read. Evidence availability, not officialness""}]","[""HTTP 200 on any page"", ""the top-level domain"", ""74 extracted candidates""]"
harvard university,gsas.harvard.edu,harvard.edu,NEEDS_REVIEW,VERIFIED_OFFICIAL,NONE (official_domain has no row for this host),2,False,"[""catalog.my.harvard.edu"", ""college.harvard.edu"", ""registrar.fas.harvard.edu"", ""www.harvard.edu""]","[""LANGUAGE_REQUIREMENTS"", ""POSTGRADUATE_ADMISSIONS""]","{""BODY_EVIDENCE"": 1, ""DEAD_NOT_FOUND"": 1}",6,"Is gsas.harvard.edu controlled by, or officially authorised for, harvard university?","[{""kind"": ""SUBMITTED_BY_CLIENT"", ""detail"": ""2 page(s) submitted on this host by the client workbook for harvard university""}, {""kind"": ""HOST_MATCHES_INSTITUTION_TOKEN"", ""detail"": ""hostname contains harvard""}, {""kind"": ""PAGE_TITLE_NAMES_INSTITUTION"", ""detail"": ""1 of 1 stored title(s) name the institution, e.g. 'Apply | The Harvard Kenneth C. Griffin Graduate School of Arts and Sciences'""}, {""kind"": ""SIBLING_OF_SUBMITTED_HOST"", ""detail"": ""shares the registrable domain harvard.edu with catalog.my.harvard.edu, college.harvard.edu, registrar.fas.harvard.edu, www.harvard.edu. A relationship to check, not a reason to inherit trust""}, {""kind"": ""PAGE_EVIDENCE_AVAILABLE"", ""detail"": ""1 page(s) have a stored body a reviewer can read. Evidence availability, not officialness""}]","[""HTTP 200 on any page"", ""the top-level domain"", ""6 extracted candidates""]"
harvard university,registrar.fas.harvard.edu,harvard.edu,NEEDS_REVIEW,VERIFIED_OFFICIAL,NONE (official_domain has no row for this host),1,False,"[""catalog.my.harvard.edu"", ""college.harvard.edu"", ""gsas.harvard.edu"", ""www.harvard.edu""]","[""ACADEMIC_CALENDAR""]","{""BLOCKED"": 1}",0,"Is registrar.fas.harvard.edu controlled by, or officially authorised for, harvard university?","[{""kind"": ""SUBMITTED_BY_CLIENT"", ""detail"": ""1 page(s) submitted on this host by the client workbook for harvard university""}, {""kind"": ""HOST_MATCHES_INSTITUTION_TOKEN"", ""detail"": ""hostname contains harvard""}, {""kind"": ""SIBLING_OF_SUBMITTED_HOST"", ""detail"": ""shares the registrable domain harvard.edu with catalog.my.harvard.edu, college.harvard.edu, gsas.harvard.edu, www.harvard.edu. A relationship to check, not a reason to inherit trust""}, {""kind"": ""ACCESS_BLOCKED"", ""detail"": ""1 page(s) refused automated access. Section 8: this is not evidence the domain is unofficial""}]","[""HTTP 200 on any page"", ""the top-level domain"", ""0 extracted candidates""]"
harvard university,www.harvard.edu,harvard.edu,NEEDS_REVIEW,VERIFIED_OFFICIAL,NONE (official_domain has no row for this host),1,False,"[""catalog.my.harvard.edu"", ""college.harvard.edu"", ""gsas.harvard.edu"", ""registrar.fas.harvard.edu""]","[""UNIVERSITY_HOME""]","{""BODY_EVIDENCE"": 1}",0,"Is www.harvard.edu controlled by, or officially authorised for, harvard university?","[{""kind"": ""SUBMITTED_BY_CLIENT"", ""detail"": ""1 page(s) submitted on this host by the client workbook for harvard university""}, {""kind"": ""HOST_MATCHES_INSTITUTION_TOKEN"", ""detail"": ""hostname contains harvard""}, {""kind"": ""PAGE_TITLE_NAMES_INSTITUTION"", ""detail"": ""1 of 1 stored title(s) name the institution, e.g. 'Harvard University'""}, {""kind"": ""SIBLING_OF_SUBMITTED_HOST"", ""detail"": ""shares the registrable domain harvard.edu with catalog.my.harvard.edu, college.harvard.edu, gsas.harvard.edu, registrar.fas.harvard.edu. A relationship to check, not a reason to inherit trust""}, {""kind"": ""PAGE_EVIDENCE_AVAILABLE"", ""detail"": ""1 page(s) have a stored body a reviewer can read. Evidence availability, not officialness""}]","[""HTTP 200 on any page"", ""the top-level domain"", ""0 extracted candidates""]"
imperial college london,www.imperial.ac.uk,imperial.ac.uk,NEEDS_REVIEW,VERIFIED_OFFICIAL,NONE (official_domain has no row for this host),11,False,[],"[""ACADEMIC_CALENDAR"", ""APPLICATION_DEADLINES"", ""ENTRY_REQUIREMENTS"", ""LANGUAGE_REQUIREMENTS"", ""PHD_ADMISSIONS"", ""POSTGRADUATE_ADMISSIONS"", ""PROGRAM_CATALOG"", ""TUITION_FEES"", ""UNCLASSIFIED"", ""UNDERGRADUATE_ADMISSIONS"", ""UNIVERSITY_HOME""]","{""BODY_EVIDENCE"": 9, ""DEAD_NOT_FOUND"": 2}",53,"Is www.imperial.ac.uk controlled by, or officially authorised for, imperial college london?","[{""kind"": ""SUBMITTED_BY_CLIENT"", ""detail"": ""11 page(s) submitted on this host by the client workbook for imperial college london""}, {""kind"": ""HOST_MATCHES_INSTITUTION_TOKEN"", ""detail"": ""hostname contains imperial""}, {""kind"": ""PAGE_TITLE_NAMES_INSTITUTION"", ""detail"": ""9 of 9 stored title(s) name the institution, e.g. 'Apply | Study | Imperial College London'""}, {""kind"": ""PAGE_EVIDENCE_AVAILABLE"", ""detail"": ""9 page(s) have a stored body a reviewer can read. Evidence availability, not officialness""}]","[""HTTP 200 on any page"", ""the top-level domain"", ""53 extracted candidates""]"
johns hopkins university,advanced.jhu.edu,jhu.edu,NEEDS_REVIEW,VERIFIED_OFFICIAL,NONE (official_domain has no row for this host),1,False,"[""apply.jhu.edu"", ""e-catalogue.jhu.edu"", ""finaid.jhu.edu"", ""krieger.jhu.edu"", ""studentaffairs.jhu.edu"", ""www.jhu.edu""]","[""POSTGRADUATE_ADMISSIONS""]","{""BLOCKED"": 1}",0,"Is advanced.jhu.edu controlled by, or officially authorised for, johns hopkins university?","[{""kind"": ""SUBMITTED_BY_CLIENT"", ""detail"": ""1 page(s) submitted on this host by the client workbook for johns hopkins university""}, {""kind"": ""SIBLING_OF_SUBMITTED_HOST"", ""detail"": ""shares the registrable domain jhu.edu with apply.jhu.edu, e-catalogue.jhu.edu, finaid.jhu.edu, krieger.jhu.edu, studentaffairs.jhu.edu, www.jhu.edu. A relationship to check, not a reason to inherit trust""}, {""kind"": ""ACCESS_BLOCKED"", ""detail"": ""1 page(s) refused automated access. Section 8: this is not evidence the domain is unofficial""}]","[""HTTP 200 on any page"", ""the top-level domain"", ""0 extracted candidates""]"
johns hopkins university,apply.jhu.edu,jhu.edu,NEEDS_REVIEW,VERIFIED_OFFICIAL,NONE (official_domain has no row for this host),3,False,"[""advanced.jhu.edu"", ""e-catalogue.jhu.edu"", ""finaid.jhu.edu"", ""krieger.jhu.edu"", ""studentaffairs.jhu.edu"", ""www.jhu.edu""]","[""ENTRY_REQUIREMENTS"", ""LANGUAGE_REQUIREMENTS"", ""UNDERGRADUATE_ADMISSIONS""]","{""BODY_EVIDENCE"": 2, ""DEAD_NOT_FOUND"": 1}",5,"Is apply.jhu.edu controlled by, or officially authorised for, johns hopkins university?","[{""kind"": ""SUBMITTED_BY_CLIENT"", ""detail"": ""3 page(s) submitted on this host by the client workbook for johns hopkins university""}, {""kind"": ""PAGE_TITLE_NAMES_INSTITUTION"", ""detail"": ""2 of 2 stored title(s) name the institution, e.g. 'How to Apply | Johns Hopkins University Admissions'""}, {""kind"": ""SIBLING_OF_SUBMITTED_HOST"", ""detail"": ""shares the registrable domain jhu.edu with advanced.jhu.edu, e-catalogue.jhu.edu, finaid.jhu.edu, krieger.jhu.edu, studentaffairs.jhu.edu, www.jhu.edu. A relationship to check, not a reason to inherit trust""}, {""kind"": ""PAGE_EVIDENCE_AVAILABLE"", ""detail"": ""2 page(s) have a stored body a reviewer can read. Evidence availability, not officialness""}]","[""HTTP 200 on any page"", ""the top-level domain"", ""5 extracted candidates""]"
johns hopkins university,e-catalogue.jhu.edu,jhu.edu,NEEDS_REVIEW,VERIFIED_OFFICIAL,NONE (official_domain has no row for this host),1,False,"[""advanced.jhu.edu"", ""apply.jhu.edu"", ""finaid.jhu.edu"", ""krieger.jhu.edu"", ""studentaffairs.jhu.edu"", ""www.jhu.edu""]","[""PROGRAM_CATALOG""]","{""BODY_EVIDENCE"": 1}",0,"Is e-catalogue.jhu.edu controlled by, or officially authorised for, johns hopkins university?","[{""kind"": ""SUBMITTED_BY_CLIENT"", ""detail"": ""1 page(s) submitted on this host by the client workbook for johns hopkins university""}, {""kind"": ""PAGE_TITLE_NAMES_INSTITUTION"", ""detail"": ""1 of 1 stored title(s) name the institution, e.g. 'The Johns Hopkins University | Johns Hopkins University Academic Catalogue'""}, {""kind"": ""SIBLING_OF_SUBMITTED_HOST"", ""detail"": ""shares the registrable domain jhu.edu with advanced.jhu.edu, apply.jhu.edu, finaid.jhu.edu, krieger.jhu.edu, studentaffairs.jhu.edu, www.jhu.edu. A relationship to check, not a reason to inherit trust""}, {""kind"": ""PAGE_EVIDENCE_AVAILABLE"", ""detail"": ""1 page(s) have a stored body a reviewer can read. Evidence availability, not officialness""}]","[""HTTP 200 on any page"", ""the top-level domain"", ""0 extracted candidates""]"
johns hopkins university,finaid.jhu.edu,jhu.edu,NEEDS_REVIEW,VERIFIED_OFFICIAL,NONE (official_domain has no row for this host),1,False,"[""advanced.jhu.edu"", ""apply.jhu.edu"", ""e-catalogue.jhu.edu"", ""krieger.jhu.edu"", ""studentaffairs.jhu.edu"", ""www.jhu.edu""]","[""TUITION_FEES""]","{""DEAD_NOT_FOUND"": 1}",0,"Is finaid.jhu.edu controlled by, or officially authorised for, johns hopkins university?","[{""kind"": ""SUBMITTED_BY_CLIENT"", ""detail"": ""1 page(s) submitted on this host by the client workbook for johns hopkins university""}, {""kind"": ""SIBLING_OF_SUBMITTED_HOST"", ""detail"": ""shares the registrable domain jhu.edu with advanced.jhu.edu, apply.jhu.edu, e-catalogue.jhu.edu, krieger.jhu.edu, studentaffairs.jhu.edu, www.jhu.edu. A relationship to check, not a reason to inherit trust""}]","[""HTTP 200 on any page"", ""the top-level domain"", ""0 extracted candidates""]"
johns hopkins university,krieger.jhu.edu,jhu.edu,NEEDS_REVIEW,VERIFIED_OFFICIAL,NONE (official_domain has no row for this host),1,False,"[""advanced.jhu.edu"", ""apply.jhu.edu"", ""e-catalogue.jhu.edu"", ""finaid.jhu.edu"", ""studentaffairs.jhu.edu"", ""www.jhu.edu""]","[""PHD_ADMISSIONS""]","{""BLOCKED"": 1}",0,"Is krieger.jhu.edu controlled by, or officially authorised for, johns hopkins university?","[{""kind"": ""SUBMITTED_BY_CLIENT"", ""detail"": ""1 page(s) submitted on this host by the client workbook for johns hopkins university""}, {""kind"": ""SIBLING_OF_SUBMITTED_HOST"", ""detail"": ""shares the registrable domain jhu.edu with advanced.jhu.edu, apply.jhu.edu, e-catalogue.jhu.edu, finaid.jhu.edu, studentaffairs.jhu.edu, www.jhu.edu. A relationship to check, not a reason to inherit trust""}, {""kind"": ""ACCESS_BLOCKED"", ""detail"": ""1 page(s) refused automated access. Section 8: this is not evidence the domain is unofficial""}]","[""HTTP 200 on any page"", ""the top-level domain"", ""0 extracted candidates""]"
johns hopkins university,studentaffairs.jhu.edu,jhu.edu,NEEDS_REVIEW,VERIFIED_OFFICIAL,NONE (official_domain has no row for this host),1,False,"[""advanced.jhu.edu"", ""apply.jhu.edu"", ""e-catalogue.jhu.edu"", ""finaid.jhu.edu"", ""krieger.jhu.edu"", ""www.jhu.edu""]","[""ACADEMIC_CALENDAR""]","{""BLOCKED"": 1}",0,"Is studentaffairs.jhu.edu controlled by, or officially authorised for, johns hopkins university?","[{""kind"": ""SUBMITTED_BY_CLIENT"", ""detail"": ""1 page(s) submitted on this host by the client workbook for johns hopkins university""}, {""kind"": ""SIBLING_OF_SUBMITTED_HOST"", ""detail"": ""shares the registrable domain jhu.edu with advanced.jhu.edu, apply.jhu.edu, e-catalogue.jhu.edu, finaid.jhu.edu, krieger.jhu.edu, www.jhu.edu. A relationship to check, not a reason to inherit trust""}, {""kind"": ""ACCESS_BLOCKED"", ""detail"": ""1 page(s) refused automated access. Section 8: this is not evidence the domain is unofficial""}]","[""HTTP 200 on any page"", ""the top-level domain"", ""0 extracted candidates""]"
johns hopkins university,www.jhu.edu,jhu.edu,NEEDS_REVIEW,VERIFIED_OFFICIAL,NONE (official_domain has no row for this host),1,False,"[""advanced.jhu.edu"", ""apply.jhu.edu"", ""e-catalogue.jhu.edu"", ""finaid.jhu.edu"", ""krieger.jhu.edu"", ""studentaffairs.jhu.edu""]","[""UNIVERSITY_HOME""]","{""BLOCKED"": 1}",0,"Is www.jhu.edu controlled by, or officially authorised for, johns hopkins university?","[{""kind"": ""SUBMITTED_BY_CLIENT"", ""detail"": ""1 page(s) submitted on this host by the client workbook for johns hopkins university""}, {""kind"": ""SIBLING_OF_SUBMITTED_HOST"", ""detail"": ""shares the registrable domain jhu.edu with advanced.jhu.edu, apply.jhu.edu, e-catalogue.jhu.edu, finaid.jhu.edu, krieger.jhu.edu, studentaffairs.jhu.edu. A relationship to check, not a reason to inherit trust""}, {""kind"": ""ACCESS_BLOCKED"", ""detail"": ""1 page(s) refused automated access. Section 8: this is not evidence the domain is unofficial""}]","[""HTTP 200 on any page"", ""the top-level domain"", ""0 extracted candidates""]"
king's college london,www.kcl.ac.uk,kcl.ac.uk,NEEDS_REVIEW,VERIFIED_OFFICIAL,NONE (official_domain has no row for this host),9,False,[],"[""ACADEMIC_CALENDAR"", ""ENTRY_REQUIREMENTS"", ""LANGUAGE_REQUIREMENTS"", ""PHD_ADMISSIONS"", ""POSTGRADUATE_ADMISSIONS"", ""PROGRAM_CATALOG"", ""TUITION_FEES"", ""UNDERGRADUATE_ADMISSIONS"", ""UNIVERSITY_HOME""]","{""BODY_EVIDENCE"": 4, ""DEAD_NOT_FOUND"": 5}",46,"Is www.kcl.ac.uk controlled by, or officially authorised for, king's college london?","[{""kind"": ""SUBMITTED_BY_CLIENT"", ""detail"": ""9 page(s) submitted on this host by the client workbook for king's college london""}, {""kind"": ""PAGE_TITLE_NAMES_INSTITUTION"", ""detail"": ""4 of 4 stored title(s) name the institution, e.g. \""How to apply: Postgraduate research courses | King's College London\""""}, {""kind"": ""PAGE_EVIDENCE_AVAILABLE"", ""detail"": ""4 page(s) have a stored body a reviewer can read. Evidence availability, not officialness""}]","[""HTTP 200 on any page"", ""the top-level domain"", ""46 extracted candidates""]"
mcgill university,www.mcgill.ca,mcgill.ca,NEEDS_REVIEW,VERIFIED_OFFICIAL,NONE (official_domain has no row for this host),9,False,[],"[""ACADEMIC_CALENDAR"", ""APPLICATION_DEADLINES"", ""ENTRY_REQUIREMENTS"", ""LANGUAGE_REQUIREMENTS"", ""POSTGRADUATE_ADMISSIONS"", ""PROGRAM_CATALOG"", ""TUITION_FEES"", ""UNDERGRADUATE_ADMISSIONS"", ""UNIVERSITY_HOME""]","{""BLOCKED"": 1, ""BODY_EVIDENCE"": 5, ""DEAD_NOT_FOUND"": 3}",18,"Is www.mcgill.ca controlled by, or officially authorised for, mcgill university?","[{""kind"": ""SUBMITTED_BY_CLIENT"", ""detail"": ""9 page(s) submitted on this host by the client workbook for mcgill university""}, {""kind"": ""HOST_MATCHES_INSTITUTION_TOKEN"", ""detail"": ""hostname contains mcgill""}, {""kind"": ""PAGE_TITLE_NAMES_INSTITUTION"", ""detail"": ""5 of 5 stored title(s) name the institution, e.g. 'Entrance requirements | Undergraduate Admissions - McGill University'""}, {""kind"": ""PAGE_EVIDENCE_AVAILABLE"", ""detail"": ""5 page(s) have a stored body a reviewer can read. Evidence availability, not officialness""}, {""kind"": ""ACCESS_BLOCKED"", ""detail"": ""1 page(s) refused automated access. Section 8: this is not evidence the domain is unofficial""}]","[""HTTP 200 on any page"", ""the top-level domain"", ""18 extracted candidates""]"
monash university,www.monash.edu,monash.edu,NEEDS_REVIEW,VERIFIED_OFFICIAL,NONE (official_domain has no row for this host),10,False,[],"[""ACADEMIC_CALENDAR"", ""APPLICATION_DEADLINES"", ""ENTRY_REQUIREMENTS"", ""LANGUAGE_REQUIREMENTS"", ""PHD_ADMISSIONS"", ""POSTGRADUATE_ADMISSIONS"", ""PROGRAM_CATALOG"", ""TUITION_FEES"", ""UNDERGRADUATE_ADMISSIONS"", ""UNIVERSITY_HOME""]","{""BLOCKED"": 10}",0,"Is www.monash.edu controlled by, or officially authorised for, monash university?","[{""kind"": ""SUBMITTED_BY_CLIENT"", ""detail"": ""10 page(s) submitted on this host by the client workbook for monash university""}, {""kind"": ""HOST_MATCHES_INSTITUTION_TOKEN"", ""detail"": ""hostname contains monash""}, {""kind"": ""ACCESS_BLOCKED"", ""detail"": ""10 page(s) refused automated access. Section 8: this is not evidence the domain is unofficial""}]","[""HTTP 200 on any page"", ""the top-level domain"", ""0 extracted candidates""]"
"nanyang technological university, singapore (ntu singapore)",www.ntu.edu.sg,ntu.edu.sg,NEEDS_REVIEW,VERIFIED_OFFICIAL,NONE (official_domain has no row for this host),8,False,[],"[""ACADEMIC_CALENDAR"", ""APPLICATION_DEADLINES"", ""ENTRY_REQUIREMENTS"", ""POSTGRADUATE_ADMISSIONS"", ""PROGRAM_CATALOG"", ""TUITION_FEES"", ""UNDERGRADUATE_ADMISSIONS"", ""UNIVERSITY_HOME""]","{""BODY_EVIDENCE"": 3, ""DEAD_NOT_FOUND"": 5}",57,"Is www.ntu.edu.sg controlled by, or officially authorised for, nanyang technological university, singapore (ntu singapore)?","[{""kind"": ""SUBMITTED_BY_CLIENT"", ""detail"": ""8 page(s) submitted on this host by the client workbook for nanyang technological university, singapore (ntu singapore)""}, {""kind"": ""PAGE_TITLE_NAMES_INSTITUTION"", ""detail"": ""3 of 3 stored title(s) name the institution, e.g. 'Graduate | NTU Singapore'""}, {""kind"": ""PAGE_EVIDENCE_AVAILABLE"", ""detail"": ""3 page(s) have a stored body a reviewer can read. Evidence availability, not officialness""}]","[""HTTP 200 on any page"", ""the top-level domain"", ""57 extracted candidates""]"
national university of singapore (nus),nus.edu.sg,nus.edu.sg,NEEDS_REVIEW,VERIFIED_OFFICIAL,NONE (official_domain has no row for this host),7,False,"[""nusgs.nus.edu.sg"", ""www.nus.edu.sg""]","[""ACADEMIC_CALENDAR"", ""APPLICATION_DEADLINES"", ""ENTRY_REQUIREMENTS"", ""LANGUAGE_REQUIREMENTS"", ""PROGRAM_CATALOG"", ""TUITION_FEES"", ""UNDERGRADUATE_ADMISSIONS""]","{""BLOCKED"": 6, ""DEAD_NOT_FOUND"": 1}",0,"Is nus.edu.sg controlled by, or officially authorised for, national university of singapore (nus)?","[{""kind"": ""SUBMITTED_BY_CLIENT"", ""detail"": ""7 page(s) submitted on this host by the client workbook for national university of singapore (nus)""}, {""kind"": ""SIBLING_OF_SUBMITTED_HOST"", ""detail"": ""shares the registrable domain nus.edu.sg with nusgs.nus.edu.sg, www.nus.edu.sg. A relationship to check, not a reason to inherit trust""}, {""kind"": ""ACCESS_BLOCKED"", ""detail"": ""6 page(s) refused automated access. Section 8: this is not evidence the domain is unofficial""}]","[""HTTP 200 on any page"", ""the top-level domain"", ""0 extracted candidates""]"
national university of singapore (nus),nusgs.nus.edu.sg,nus.edu.sg,NEEDS_REVIEW,VERIFIED_OFFICIAL,NONE (official_domain has no row for this host),1,False,"[""nus.edu.sg"", ""www.nus.edu.sg""]","[""POSTGRADUATE_ADMISSIONS""]","{""BLOCKED"": 1}",0,"Is nusgs.nus.edu.sg controlled by, or officially authorised for, national university of singapore (nus)?","[{""kind"": ""SUBMITTED_BY_CLIENT"", ""detail"": ""1 page(s) submitted on this host by the client workbook for national university of singapore (nus)""}, {""kind"": ""SIBLING_OF_SUBMITTED_HOST"", ""detail"": ""shares the registrable domain nus.edu.sg with nus.edu.sg, www.nus.edu.sg. A relationship to check, not a reason to inherit trust""}, {""kind"": ""ACCESS_BLOCKED"", ""detail"": ""1 page(s) refused automated access. Section 8: this is not evidence the domain is unofficial""}]","[""HTTP 200 on any page"", ""the top-level domain"", ""0 extracted candidates""]"
national university of singapore (nus),www.nus.edu.sg,nus.edu.sg,NEEDS_REVIEW,VERIFIED_OFFICIAL,NONE (official_domain has no row for this host),1,False,"[""nus.edu.sg"", ""nusgs.nus.edu.sg""]","[""UNIVERSITY_HOME""]","{""BLOCKED"": 1}",0,"Is www.nus.edu.sg controlled by, or officially authorised for, national university of singapore (nus)?","[{""kind"": ""SUBMITTED_BY_CLIENT"", ""detail"": ""1 page(s) submitted on this host by the client workbook for national university of singapore (nus)""}, {""kind"": ""SIBLING_OF_SUBMITTED_HOST"", ""detail"": ""shares the registrable domain nus.edu.sg with nus.edu.sg, nusgs.nus.edu.sg. A relationship to check, not a reason to inherit trust""}, {""kind"": ""ACCESS_BLOCKED"", ""detail"": ""1 page(s) refused automated access. Section 8: this is not evidence the domain is unofficial""}]","[""HTTP 200 on any page"", ""the top-level domain"", ""0 extracted candidates""]"
northwestern university,admissions.northwestern.edu,northwestern.edu,NEEDS_REVIEW,VERIFIED_OFFICIAL,NONE (official_domain has no row for this host),3,False,"[""catalogs.northwestern.edu"", ""www.northwestern.edu"", ""www.registrar.northwestern.edu"", ""www.tgs.northwestern.edu""]","[""ENTRY_REQUIREMENTS"", ""TUITION_FEES"", ""UNDERGRADUATE_ADMISSIONS""]","{""BODY_EVIDENCE"": 3}",21,"Is admissions.northwestern.edu controlled by, or officially authorised for, northwestern university?","[{""kind"": ""SUBMITTED_BY_CLIENT"", ""detail"": ""3 page(s) submitted on this host by the client workbook for northwestern university""}, {""kind"": ""HOST_MATCHES_INSTITUTION_TOKEN"", ""detail"": ""hostname contains northwestern""}, {""kind"": ""PAGE_TITLE_NAMES_INSTITUTION"", ""detail"": ""3 of 3 stored title(s) name the institution, e.g. 'Apply: Undergraduate Admissions - Northwestern University'""}, {""kind"": ""SIBLING_OF_SUBMITTED_HOST"", ""detail"": ""shares the registrable domain northwestern.edu with catalogs.northwestern.edu, www.northwestern.edu, www.registrar.northwestern.edu, www.tgs.northwestern.edu. A relationship to check, not a reason to inherit trust""}, {""kind"": ""PAGE_EVIDENCE_AVAILABLE"", ""detail"": ""3 page(s) have a stored body a reviewer can read. Evidence availability, not officialness""}]","[""HTTP 200 on any page"", ""the top-level domain"", ""21 extracted candidates""]"
northwestern university,catalogs.northwestern.edu,northwestern.edu,NEEDS_REVIEW,VERIFIED_OFFICIAL,NONE (official_domain has no row for this host),1,False,"[""admissions.northwestern.edu"", ""www.northwestern.edu"", ""www.registrar.northwestern.edu"", ""www.tgs.northwestern.edu""]","[""PROGRAM_CATALOG""]","{""BODY_EVIDENCE"": 1}",0,"Is catalogs.northwestern.edu controlled by, or officially authorised for, northwestern university?","[{""kind"": ""SUBMITTED_BY_CLIENT"", ""detail"": ""1 page(s) submitted on this host by the client workbook for northwestern university""}, {""kind"": ""HOST_MATCHES_INSTITUTION_TOKEN"", ""detail"": ""hostname contains northwestern""}, {""kind"": ""PAGE_TITLE_NAMES_INSTITUTION"", ""detail"": ""1 of 1 stored title(s) name the institution, e.g. 'Academic Catalog | Northwestern University Academic Catalog'""}, {""kind"": ""SIBLING_OF_SUBMITTED_HOST"", ""detail"": ""shares the registrable domain northwestern.edu with admissions.northwestern.edu, www.northwestern.edu, www.registrar.northwestern.edu, www.tgs.northwestern.edu. A relationship to check, not a reason to inherit trust""}, {""kind"": ""PAGE_EVIDENCE_AVAILABLE"", ""detail"": ""1 page(s) have a stored body a reviewer can read. Evidence availability, not officialness""}]","[""HTTP 200 on any page"", ""the top-level domain"", ""0 extracted candidates""]"
northwestern university,www.northwestern.edu,northwestern.edu,NEEDS_REVIEW,VERIFIED_OFFICIAL,NONE (official_domain has no row for this host),1,False,"[""admissions.northwestern.edu"", ""catalogs.northwestern.edu"", ""www.registrar.northwestern.edu"", ""www.tgs.northwestern.edu""]","[""UNIVERSITY_HOME""]","{""BODY_EVIDENCE"": 1}",0,"Is www.northwestern.edu controlled by, or officially authorised for, northwestern university?","[{""kind"": ""SUBMITTED_BY_CLIENT"", ""detail"": ""1 page(s) submitted on this host by the client workbook for northwestern university""}, {""kind"": ""HOST_MATCHES_INSTITUTION_TOKEN"", ""detail"": ""hostname contains northwestern""}, {""kind"": ""PAGE_TITLE_NAMES_INSTITUTION"", ""detail"": ""1 of 1 stored title(s) name the institution, e.g. 'Northwestern University'""}, {""kind"": ""SIBLING_OF_SUBMITTED_HOST"", ""detail"": ""shares the registrable domain northwestern.edu with admissions.northwestern.edu, catalogs.northwestern.edu, www.registrar.northwestern.edu, www.tgs.northwestern.edu. A relationship to check, not a reason to inherit trust""}, {""kind"": ""PAGE_EVIDENCE_AVAILABLE"", ""detail"": ""1 page(s) have a stored body a reviewer can read. Evidence availability, not officialness""}]","[""HTTP 200 on any page"", ""the top-level domain"", ""0 extracted candidates""]"
northwestern university,www.registrar.northwestern.edu,northwestern.edu,NEEDS_REVIEW,VERIFIED_OFFICIAL,NONE (official_domain has no row for this host),1,False,"[""admissions.northwestern.edu"", ""catalogs.northwestern.edu"", ""www.northwestern.edu"", ""www.tgs.northwestern.edu""]","[""ACADEMIC_CALENDAR""]","{""BODY_EVIDENCE"": 1}",0,"Is www.registrar.northwestern.edu controlled by, or officially authorised for, northwestern university?","[{""kind"": ""SUBMITTED_BY_CLIENT"", ""detail"": ""1 page(s) submitted on this host by the client workbook for northwestern university""}, {""kind"": ""HOST_MATCHES_INSTITUTION_TOKEN"", ""detail"": ""hostname contains northwestern""}, {""kind"": ""PAGE_TITLE_NAMES_INSTITUTION"", ""detail"": ""1 of 1 stored title(s) name the institution, e.g. 'Calendars: Office of the Registrar - Northwestern University'""}, {""kind"": ""SIBLING_OF_SUBMITTED_HOST"", ""detail"": ""shares the registrable domain northwestern.edu with admissions.northwestern.edu, catalogs.northwestern.edu, www.northwestern.edu, www.tgs.northwestern.edu. A relationship to check, not a reason to inherit trust""}, {""kind"": ""PAGE_EVIDENCE_AVAILABLE"", ""detail"": ""1 page(s) have a stored body a reviewer can read. Evidence availability, not officialness""}]","[""HTTP 200 on any page"", ""the top-level domain"", ""0 extracted candidates""]"
northwestern university,www.tgs.northwestern.edu,northwestern.edu,NEEDS_REVIEW,VERIFIED_OFFICIAL,NONE (official_domain has no row for this host),2,False,"[""admissions.northwestern.edu"", ""catalogs.northwestern.edu"", ""www.northwestern.edu"", ""www.registrar.northwestern.edu""]","[""LANGUAGE_REQUIREMENTS"", ""POSTGRADUATE_ADMISSIONS""]","{""BODY_EVIDENCE"": 1, ""DEAD_NOT_FOUND"": 1}",18,"Is www.tgs.northwestern.edu controlled by, or officially authorised for, northwestern university?","[{""kind"": ""SUBMITTED_BY_CLIENT"", ""detail"": ""2 page(s) submitted on this host by the client workbook for northwestern university""}, {""kind"": ""HOST_MATCHES_INSTITUTION_TOKEN"", ""detail"": ""hostname contains northwestern""}, {""kind"": ""PAGE_TITLE_NAMES_INSTITUTION"", ""detail"": ""1 of 1 stored title(s) name the institution, e.g. 'Admissions: The Graduate School - Northwestern University'""}, {""kind"": ""SIBLING_OF_SUBMITTED_HOST"", ""detail"": ""shares the registrable domain northwestern.edu with admissions.northwestern.edu, catalogs.northwestern.edu, www.northwestern.edu, www.registrar.northwestern.edu. A relationship to check, not a reason to inherit trust""}, {""kind"": ""PAGE_EVIDENCE_AVAILABLE"", ""detail"": ""1 page(s) have a stored body a reviewer can read. Evidence availability, not officialness""}]","[""HTTP 200 on any page"", ""the top-level domain"", ""18 extracted candidates""]"
princeton university,admission.princeton.edu,princeton.edu,NEEDS_REVIEW,VERIFIED_OFFICIAL,NONE (official_domain has no row for this host),3,False,"[""gradschool.princeton.edu"", ""registrar.princeton.edu"", ""www.princeton.edu""]","[""ENTRY_REQUIREMENTS"", ""TUITION_FEES"", ""UNDERGRADUATE_ADMISSIONS""]","{""BODY_EVIDENCE"": 3}",51,"Is admission.princeton.edu controlled by, or officially authorised for, princeton university?","[{""kind"": ""SUBMITTED_BY_CLIENT"", ""detail"": ""3 page(s) submitted on this host by the client workbook for princeton university""}, {""kind"": ""HOST_MATCHES_INSTITUTION_TOKEN"", ""detail"": ""hostname contains princeton""}, {""kind"": ""PAGE_TITLE_NAMES_INSTITUTION"", ""detail"": ""3 of 3 stored title(s) name the institution, e.g. 'Apply | Princeton Admission'""}, {""kind"": ""SIBLING_OF_SUBMITTED_HOST"", ""detail"": ""shares the registrable domain princeton.edu with gradschool.princeton.edu, registrar.princeton.edu, www.princeton.edu. A relationship to check, not a reason to inherit trust""}, {""kind"": ""PAGE_EVIDENCE_AVAILABLE"", ""detail"": ""3 page(s) have a stored body a reviewer can read. Evidence availability, not officialness""}]","[""HTTP 200 on any page"", ""the top-level domain"", ""51 extracted candidates""]"
princeton university,gradschool.princeton.edu,princeton.edu,NEEDS_REVIEW,VERIFIED_OFFICIAL,NONE (official_domain has no row for this host),2,False,"[""admission.princeton.edu"", ""registrar.princeton.edu"", ""www.princeton.edu""]","[""LANGUAGE_REQUIREMENTS"", ""POSTGRADUATE_ADMISSIONS""]","{""BLOCKED"": 2}",0,"Is gradschool.princeton.edu controlled by, or officially authorised for, princeton university?","[{""kind"": ""SUBMITTED_BY_CLIENT"", ""detail"": ""2 page(s) submitted on this host by the client workbook for princeton university""}, {""kind"": ""HOST_MATCHES_INSTITUTION_TOKEN"", ""detail"": ""hostname contains princeton""}, {""kind"": ""SIBLING_OF_SUBMITTED_HOST"", ""detail"": ""shares the registrable domain princeton.edu with admission.princeton.edu, registrar.princeton.edu, www.princeton.edu. A relationship to check, not a reason to inherit trust""}, {""kind"": ""ACCESS_BLOCKED"", ""detail"": ""2 page(s) refused automated access. Section 8: this is not evidence the domain is unofficial""}]","[""HTTP 200 on any page"", ""the top-level domain"", ""0 extracted candidates""]"
princeton university,registrar.princeton.edu,princeton.edu,NEEDS_REVIEW,VERIFIED_OFFICIAL,NONE (official_domain has no row for this host),1,False,"[""admission.princeton.edu"", ""gradschool.princeton.edu"", ""www.princeton.edu""]","[""ACADEMIC_CALENDAR""]","{""BLOCKED"": 1}",0,"Is registrar.princeton.edu controlled by, or officially authorised for, princeton university?","[{""kind"": ""SUBMITTED_BY_CLIENT"", ""detail"": ""1 page(s) submitted on this host by the client workbook for princeton university""}, {""kind"": ""HOST_MATCHES_INSTITUTION_TOKEN"", ""detail"": ""hostname contains princeton""}, {""kind"": ""SIBLING_OF_SUBMITTED_HOST"", ""detail"": ""shares the registrable domain princeton.edu with admission.princeton.edu, gradschool.princeton.edu, www.princeton.edu. A relationship to check, not a reason to inherit trust""}, {""kind"": ""ACCESS_BLOCKED"", ""detail"": ""1 page(s) refused automated access. Section 8: this is not evidence the domain is unofficial""}]","[""HTTP 200 on any page"", ""the top-level domain"", ""0 extracted candidates""]"
princeton university,www.princeton.edu,princeton.edu,NEEDS_REVIEW,VERIFIED_OFFICIAL,NONE (official_domain has no row for this host),2,False,"[""admission.princeton.edu"", ""gradschool.princeton.edu"", ""registrar.princeton.edu""]","[""PROGRAM_CATALOG"", ""UNIVERSITY_HOME""]","{""BODY_EVIDENCE"": 1, ""DEAD_NOT_FOUND"": 1}",0,"Is www.princeton.edu controlled by, or officially authorised for, princeton university?","[{""kind"": ""SUBMITTED_BY_CLIENT"", ""detail"": ""2 page(s) submitted on this host by the client workbook for princeton university""}, {""kind"": ""HOST_MATCHES_INSTITUTION_TOKEN"", ""detail"": ""hostname contains princeton""}, {""kind"": ""PAGE_TITLE_NAMES_INSTITUTION"", ""detail"": ""1 of 1 stored title(s) name the institution, e.g. 'Home | Princeton University'""}, {""kind"": ""SIBLING_OF_SUBMITTED_HOST"", ""detail"": ""shares the registrable domain princeton.edu with admission.princeton.edu, gradschool.princeton.edu, registrar.princeton.edu. A relationship to check, not a reason to inherit trust""}, {""kind"": ""PAGE_EVIDENCE_AVAILABLE"", ""detail"": ""1 page(s) have a stored body a reviewer can read. Evidence availability, not officialness""}]","[""HTTP 200 on any page"", ""the top-level domain"", ""0 extracted candidates""]"
stanford university,admission.stanford.edu,stanford.edu,NEEDS_REVIEW,VERIFIED_OFFICIAL,NONE (official_domain has no row for this host),4,False,"[""bulletin.stanford.edu"", ""gradadmissions.stanford.edu"", ""registrar.stanford.edu"", ""studentservices.stanford.edu"", ""www.stanford.edu""]","[""APPLICATION_DEADLINES"", ""ENTRY_REQUIREMENTS"", ""LANGUAGE_REQUIREMENTS"", ""UNDERGRADUATE_ADMISSIONS""]","{""BODY_EVIDENCE"": 4}",44,"Is admission.stanford.edu controlled by, or officially authorised for, stanford university?","[{""kind"": ""SUBMITTED_BY_CLIENT"", ""detail"": ""4 page(s) submitted on this host by the client workbook for stanford university""}, {""kind"": ""HOST_MATCHES_INSTITUTION_TOKEN"", ""detail"": ""hostname contains stanford""}, {""kind"": ""PAGE_TITLE_NAMES_INSTITUTION"", ""detail"": ""3 of 3 stored title(s) name the institution, e.g. 'First-Year Applicants : Stanford University'""}, {""kind"": ""SIBLING_OF_SUBMITTED_HOST"", ""detail"": ""shares the registrable domain stanford.edu with bulletin.stanford.edu, gradadmissions.stanford.edu, registrar.stanford.edu, studentservices.stanford.edu, www.stanford.edu. A relationship to check, not a reason to inherit trust""}, {""kind"": ""PAGE_EVIDENCE_AVAILABLE"", ""detail"": ""4 page(s) have a stored body a reviewer can read. Evidence availability, not officialness""}]","[""HTTP 200 on any page"", ""the top-level domain"", ""44 extracted candidates""]"
stanford university,bulletin.stanford.edu,stanford.edu,NEEDS_REVIEW,VERIFIED_OFFICIAL,NONE (official_domain has no row for this host),1,False,"[""admission.stanford.edu"", ""gradadmissions.stanford.edu"", ""registrar.stanford.edu"", ""studentservices.stanford.edu"", ""www.stanford.edu""]","[""PROGRAM_CATALOG""]","{""BODY_EVIDENCE"": 1}",0,"Is bulletin.stanford.edu controlled by, or officially authorised for, stanford university?","[{""kind"": ""SUBMITTED_BY_CLIENT"", ""detail"": ""1 page(s) submitted on this host by the client workbook for stanford university""}, {""kind"": ""HOST_MATCHES_INSTITUTION_TOKEN"", ""detail"": ""hostname contains stanford""}, {""kind"": ""PAGE_TITLE_NAMES_INSTITUTION"", ""detail"": ""1 of 1 stored title(s) name the institution, e.g. 'Stanford University Catalog: Search'""}, {""kind"": ""SIBLING_OF_SUBMITTED_HOST"", ""detail"": ""shares the registrable domain stanford.edu with admission.stanford.edu, gradadmissions.stanford.edu, registrar.stanford.edu, studentservices.stanford.edu, www.stanford.edu. A relationship to check, not a reason to inherit trust""}, {""kind"": ""PAGE_EVIDENCE_AVAILABLE"", ""detail"": ""1 page(s) have a stored body a reviewer can read. Evidence availability, not officialness""}]","[""HTTP 200 on any page"", ""the top-level domain"", ""0 extracted candidates""]"
stanford university,gradadmissions.stanford.edu,stanford.edu,NEEDS_REVIEW,VERIFIED_OFFICIAL,NONE (official_domain has no row for this host),1,False,"[""admission.stanford.edu"", ""bulletin.stanford.edu"", ""registrar.stanford.edu"", ""studentservices.stanford.edu"", ""www.stanford.edu""]","[""POSTGRADUATE_ADMISSIONS""]","{""BODY_EVIDENCE"": 1}",8,"Is gradadmissions.stanford.edu controlled by, or officially authorised for, stanford university?","[{""kind"": ""SUBMITTED_BY_CLIENT"", ""detail"": ""1 page(s) submitted on this host by the client workbook for stanford university""}, {""kind"": ""HOST_MATCHES_INSTITUTION_TOKEN"", ""detail"": ""hostname contains stanford""}, {""kind"": ""SIBLING_OF_SUBMITTED_HOST"", ""detail"": ""shares the registrable domain stanford.edu with admission.stanford.edu, bulletin.stanford.edu, registrar.stanford.edu, studentservices.stanford.edu, www.stanford.edu. A relationship to check, not a reason to inherit trust""}, {""kind"": ""PAGE_EVIDENCE_AVAILABLE"", ""detail"": ""1 page(s) have a stored body a reviewer can read. Evidence availability, not officialness""}]","[""HTTP 200 on any page"", ""the top-level domain"", ""8 extracted candidates""]"
stanford university,registrar.stanford.edu,stanford.edu,NEEDS_REVIEW,VERIFIED_OFFICIAL,NONE (official_domain has no row for this host),1,False,"[""admission.stanford.edu"", ""bulletin.stanford.edu"", ""gradadmissions.stanford.edu"", ""studentservices.stanford.edu"", ""www.stanford.edu""]","[""ACADEMIC_CALENDAR""]","{""DEAD_NOT_FOUND"": 1}",0,"Is registrar.stanford.edu controlled by, or officially authorised for, stanford university?","[{""kind"": ""SUBMITTED_BY_CLIENT"", ""detail"": ""1 page(s) submitted on this host by the client workbook for stanford university""}, {""kind"": ""HOST_MATCHES_INSTITUTION_TOKEN"", ""detail"": ""hostname contains stanford""}, {""kind"": ""SIBLING_OF_SUBMITTED_HOST"", ""detail"": ""shares the registrable domain stanford.edu with admission.stanford.edu, bulletin.stanford.edu, gradadmissions.stanford.edu, studentservices.stanford.edu, www.stanford.edu. A relationship to check, not a reason to inherit trust""}]","[""HTTP 200 on any page"", ""the top-level domain"", ""0 extracted candidates""]"
stanford university,studentservices.stanford.edu,stanford.edu,NEEDS_REVIEW,VERIFIED_OFFICIAL,NONE (official_domain has no row for this host),2,False,"[""admission.stanford.edu"", ""bulletin.stanford.edu"", ""gradadmissions.stanford.edu"", ""registrar.stanford.edu"", ""www.stanford.edu""]","[""TUITION_FEES"", ""UNCLASSIFIED""]","{""BODY_EVIDENCE"": 2}",12,"Is studentservices.stanford.edu controlled by, or officially authorised for, stanford university?","[{""kind"": ""SUBMITTED_BY_CLIENT"", ""detail"": ""2 page(s) submitted on this host by the client workbook for stanford university""}, {""kind"": ""HOST_MATCHES_INSTITUTION_TOKEN"", ""detail"": ""hostname contains stanford""}, {""kind"": ""SIBLING_OF_SUBMITTED_HOST"", ""detail"": ""shares the registrable domain stanford.edu with admission.stanford.edu, bulletin.stanford.edu, gradadmissions.stanford.edu, registrar.stanford.edu, www.stanford.edu. A relationship to check, not a reason to inherit trust""}, {""kind"": ""PAGE_EVIDENCE_AVAILABLE"", ""detail"": ""2 page(s) have a stored body a reviewer can read. Evidence availability, not officialness""}]","[""HTTP 200 on any page"", ""the top-level domain"", ""12 extracted candidates""]"
stanford university,www.stanford.edu,stanford.edu,NEEDS_REVIEW,VERIFIED_OFFICIAL,NONE (official_domain has no row for this host),1,False,"[""admission.stanford.edu"", ""bulletin.stanford.edu"", ""gradadmissions.stanford.edu"", ""registrar.stanford.edu"", ""studentservices.stanford.edu""]","[""UNIVERSITY_HOME""]","{""BODY_EVIDENCE"": 1}",0,"Is www.stanford.edu controlled by, or officially authorised for, stanford university?","[{""kind"": ""SUBMITTED_BY_CLIENT"", ""detail"": ""1 page(s) submitted on this host by the client workbook for stanford university""}, {""kind"": ""HOST_MATCHES_INSTITUTION_TOKEN"", ""detail"": ""hostname contains stanford""}, {""kind"": ""PAGE_TITLE_NAMES_INSTITUTION"", ""detail"": ""1 of 1 stored title(s) name the institution, e.g. 'Stanford University'""}, {""kind"": ""SIBLING_OF_SUBMITTED_HOST"", ""detail"": ""shares the registrable domain stanford.edu with admission.stanford.edu, bulletin.stanford.edu, gradadmissions.stanford.edu, registrar.stanford.edu, studentservices.stanford.edu. A relationship to check, not a reason to inherit trust""}, {""kind"": ""PAGE_EVIDENCE_AVAILABLE"", ""detail"": ""1 page(s) have a stored body a reviewer can read. Evidence availability, not officialness""}]","[""HTTP 200 on any page"", ""the top-level domain"", ""0 extracted candidates""]"
the chinese university of hong kong (cuhk),admission.cuhk.edu.hk,cuhk.edu.hk,NEEDS_REVIEW,VERIFIED_OFFICIAL,NONE (official_domain has no row for this host),5,False,"[""www.cuhk.edu.hk"", ""www.gs.cuhk.edu.hk"", ""www.res.cuhk.edu.hk""]","[""APPLICATION_DEADLINES"", ""ENTRY_REQUIREMENTS"", ""PROGRAM_CATALOG"", ""TUITION_FEES"", ""UNDERGRADUATE_ADMISSIONS""]","{""TLS_FAILURE"": 5}",0,"Is admission.cuhk.edu.hk controlled by, or officially authorised for, the chinese university of hong kong (cuhk)?","[{""kind"": ""SUBMITTED_BY_CLIENT"", ""detail"": ""5 page(s) submitted on this host by the client workbook for the chinese university of hong kong (cuhk)""}, {""kind"": ""HOST_MATCHES_INSTITUTION_TOKEN"", ""detail"": ""hostname contains cuhk""}, {""kind"": ""SIBLING_OF_SUBMITTED_HOST"", ""detail"": ""shares the registrable domain cuhk.edu.hk with www.cuhk.edu.hk, www.gs.cuhk.edu.hk, www.res.cuhk.edu.hk. A relationship to check, not a reason to inherit trust""}]","[""HTTP 200 on any page"", ""the top-level domain"", ""0 extracted candidates""]"
the chinese university of hong kong (cuhk),www.cuhk.edu.hk,cuhk.edu.hk,NEEDS_REVIEW,VERIFIED_OFFICIAL,NONE (official_domain has no row for this host),1,False,"[""admission.cuhk.edu.hk"", ""www.gs.cuhk.edu.hk"", ""www.res.cuhk.edu.hk""]","[""UNIVERSITY_HOME""]","{""BODY_EVIDENCE"": 1}",0,"Is www.cuhk.edu.hk controlled by, or officially authorised for, the chinese university of hong kong (cuhk)?","[{""kind"": ""SUBMITTED_BY_CLIENT"", ""detail"": ""1 page(s) submitted on this host by the client workbook for the chinese university of hong kong (cuhk)""}, {""kind"": ""HOST_MATCHES_INSTITUTION_TOKEN"", ""detail"": ""hostname contains cuhk""}, {""kind"": ""PAGE_TITLE_NAMES_INSTITUTION"", ""detail"": ""1 of 1 stored title(s) name the institution, e.g. 'The Chinese University of Hong Kong'""}, {""kind"": ""SIBLING_OF_SUBMITTED_HOST"", ""detail"": ""shares the registrable domain cuhk.edu.hk with admission.cuhk.edu.hk, www.gs.cuhk.edu.hk, www.res.cuhk.edu.hk. A relationship to check, not a reason to inherit trust""}, {""kind"": ""PAGE_EVIDENCE_AVAILABLE"", ""detail"": ""1 page(s) have a stored body a reviewer can read. Evidence availability, not officialness""}]","[""HTTP 200 on any page"", ""the top-level domain"", ""0 extracted candidates""]"
the chinese university of hong kong (cuhk),www.gs.cuhk.edu.hk,cuhk.edu.hk,NEEDS_REVIEW,VERIFIED_OFFICIAL,NONE (official_domain has no row for this host),2,False,"[""admission.cuhk.edu.hk"", ""www.cuhk.edu.hk"", ""www.res.cuhk.edu.hk""]","[""LANGUAGE_REQUIREMENTS"", ""POSTGRADUATE_ADMISSIONS""]","{""BODY_EVIDENCE"": 1, ""DEAD_NOT_FOUND"": 1}",1,"Is www.gs.cuhk.edu.hk controlled by, or officially authorised for, the chinese university of hong kong (cuhk)?","[{""kind"": ""SUBMITTED_BY_CLIENT"", ""detail"": ""2 page(s) submitted on this host by the client workbook for the chinese university of hong kong (cuhk)""}, {""kind"": ""HOST_MATCHES_INSTITUTION_TOKEN"", ""detail"": ""hostname contains cuhk""}, {""kind"": ""PAGE_TITLE_NAMES_INSTITUTION"", ""detail"": ""1 of 1 stored title(s) name the institution, e.g. 'CUHK Graduate School'""}, {""kind"": ""SIBLING_OF_SUBMITTED_HOST"", ""detail"": ""shares the registrable domain cuhk.edu.hk with admission.cuhk.edu.hk, www.cuhk.edu.hk, www.res.cuhk.edu.hk. A relationship to check, not a reason to inherit trust""}, {""kind"": ""PAGE_EVIDENCE_AVAILABLE"", ""detail"": ""1 page(s) have a stored body a reviewer can read. Evidence availability, not officialness""}]","[""HTTP 200 on any page"", ""the top-level domain"", ""1 extracted candidates""]"
the chinese university of hong kong (cuhk),www.res.cuhk.edu.hk,cuhk.edu.hk,NEEDS_REVIEW,VERIFIED_OFFICIAL,NONE (official_domain has no row for this host),1,False,"[""admission.cuhk.edu.hk"", ""www.cuhk.edu.hk"", ""www.gs.cuhk.edu.hk""]","[""ACADEMIC_CALENDAR""]","{""TLS_FAILURE"": 1}",0,"Is www.res.cuhk.edu.hk controlled by, or officially authorised for, the chinese university of hong kong (cuhk)?","[{""kind"": ""SUBMITTED_BY_CLIENT"", ""detail"": ""1 page(s) submitted on this host by the client workbook for the chinese university of hong kong (cuhk)""}, {""kind"": ""HOST_MATCHES_INSTITUTION_TOKEN"", ""detail"": ""hostname contains cuhk""}, {""kind"": ""SIBLING_OF_SUBMITTED_HOST"", ""detail"": ""shares the registrable domain cuhk.edu.hk with admission.cuhk.edu.hk, www.cuhk.edu.hk, www.gs.cuhk.edu.hk. A relationship to check, not a reason to inherit trust""}]","[""HTTP 200 on any page"", ""the top-level domain"", ""0 extracted candidates""]"
the hong kong polytechnic university,www.polyu.edu.hk,polyu.edu.hk,NEEDS_REVIEW,VERIFIED_OFFICIAL,NONE (official_domain has no row for this host),10,False,[],"[""ACADEMIC_CALENDAR"", ""APPLICATION_DEADLINES"", ""ENTRY_REQUIREMENTS"", ""LANGUAGE_REQUIREMENTS"", ""PHD_ADMISSIONS"", ""POSTGRADUATE_ADMISSIONS"", ""PROGRAM_CATALOG"", ""TUITION_FEES"", ""UNDERGRADUATE_ADMISSIONS"", ""UNIVERSITY_HOME""]","{""BODY_EVIDENCE"": 3, ""DEAD_NOT_FOUND"": 7}",4,"Is www.polyu.edu.hk controlled by, or officially authorised for, the hong kong polytechnic university?","[{""kind"": ""SUBMITTED_BY_CLIENT"", ""detail"": ""10 page(s) submitted on this host by the client workbook for the hong kong polytechnic university""}, {""kind"": ""PAGE_TITLE_NAMES_INSTITUTION"", ""detail"": ""3 of 3 stored title(s) name the institution, e.g. 'Admissions | The Hong Kong Polytechnic University (PolyU)'""}, {""kind"": ""PAGE_EVIDENCE_AVAILABLE"", ""detail"": ""3 page(s) have a stored body a reviewer can read. Evidence availability, not officialness""}]","[""HTTP 200 on any page"", ""the top-level domain"", ""4 extracted candidates""]"
the hong kong university of science and technology,ebookshelf.hkust.edu.hk,hkust.edu.hk,NEEDS_REVIEW,VERIFIED_OFFICIAL,NONE (official_domain has no row for this host),1,False,"[""fytgs.hkust.edu.hk"", ""hkust.edu.hk"", ""join.hkust.edu.hk"", ""registry.hkust.edu.hk""]","[""UNCLASSIFIED""]","{""BODY_EVIDENCE"": 1}",0,"Is ebookshelf.hkust.edu.hk controlled by, or officially authorised for, the hong kong university of science and technology?","[{""kind"": ""SUBMITTED_BY_CLIENT"", ""detail"": ""1 page(s) submitted on this host by the client workbook for the hong kong university of science and technology""}, {""kind"": ""SIBLING_OF_SUBMITTED_HOST"", ""detail"": ""shares the registrable domain hkust.edu.hk with fytgs.hkust.edu.hk, hkust.edu.hk, join.hkust.edu.hk, registry.hkust.edu.hk. A relationship to check, not a reason to inherit trust""}, {""kind"": ""PAGE_EVIDENCE_AVAILABLE"", ""detail"": ""1 page(s) have a stored body a reviewer can read. Evidence availability, not officialness""}]","[""HTTP 200 on any page"", ""the top-level domain"", ""0 extracted candidates""]"
the hong kong university of science and technology,fytgs.hkust.edu.hk,hkust.edu.hk,NEEDS_REVIEW,VERIFIED_OFFICIAL,NONE (official_domain has no row for this host),1,False,"[""ebookshelf.hkust.edu.hk"", ""hkust.edu.hk"", ""join.hkust.edu.hk"", ""registry.hkust.edu.hk""]","[""POSTGRADUATE_ADMISSIONS""]","{""BLOCKED"": 1}",0,"Is fytgs.hkust.edu.hk controlled by, or officially authorised for, the hong kong university of science and technology?","[{""kind"": ""SUBMITTED_BY_CLIENT"", ""detail"": ""1 page(s) submitted on this host by the client workbook for the hong kong university of science and technology""}, {""kind"": ""SIBLING_OF_SUBMITTED_HOST"", ""detail"": ""shares the registrable domain hkust.edu.hk with ebookshelf.hkust.edu.hk, hkust.edu.hk, join.hkust.edu.hk, registry.hkust.edu.hk. A relationship to check, not a reason to inherit trust""}, {""kind"": ""ACCESS_BLOCKED"", ""detail"": ""1 page(s) refused automated access. Section 8: this is not evidence the domain is unofficial""}]","[""HTTP 200 on any page"", ""the top-level domain"", ""0 extracted candidates""]"
the hong kong university of science and technology,hkust.edu.hk,hkust.edu.hk,NEEDS_REVIEW,VERIFIED_OFFICIAL,NONE (official_domain has no row for this host),2,False,"[""ebookshelf.hkust.edu.hk"", ""fytgs.hkust.edu.hk"", ""join.hkust.edu.hk"", ""registry.hkust.edu.hk""]","[""PROGRAM_CATALOG"", ""UNIVERSITY_HOME""]","{""BODY_EVIDENCE"": 2}",0,"Is hkust.edu.hk controlled by, or officially authorised for, the hong kong university of science and technology?","[{""kind"": ""SUBMITTED_BY_CLIENT"", ""detail"": ""2 page(s) submitted on this host by the client workbook for the hong kong university of science and technology""}, {""kind"": ""PAGE_TITLE_NAMES_INSTITUTION"", ""detail"": ""1 of 2 stored title(s) name the institution, e.g. \""The Hong Kong University of Science and Technology ｜World's Top 50 Universities｜Leading Re\""""}, {""kind"": ""SIBLING_OF_SUBMITTED_HOST"", ""detail"": ""shares the registrable domain hkust.edu.hk with ebookshelf.hkust.edu.hk, fytgs.hkust.edu.hk, join.hkust.edu.hk, registry.hkust.edu.hk. A relationship to check, not a reason to inherit trust""}, {""kind"": ""PAGE_EVIDENCE_AVAILABLE"", ""detail"": ""2 page(s) have a stored body a reviewer can read. Evidence availability, not officialness""}]","[""HTTP 200 on any page"", ""the top-level domain"", ""0 extracted candidates""]"
the hong kong university of science and technology,join.hkust.edu.hk,hkust.edu.hk,NEEDS_REVIEW,VERIFIED_OFFICIAL,NONE (official_domain has no row for this host),2,False,"[""ebookshelf.hkust.edu.hk"", ""fytgs.hkust.edu.hk"", ""hkust.edu.hk"", ""registry.hkust.edu.hk""]","[""ENTRY_REQUIREMENTS"", ""UNDERGRADUATE_ADMISSIONS""]","{""BODY_EVIDENCE"": 2}",3,"Is join.hkust.edu.hk controlled by, or officially authorised for, the hong kong university of science and technology?","[{""kind"": ""SUBMITTED_BY_CLIENT"", ""detail"": ""2 page(s) submitted on this host by the client workbook for the hong kong university of science and technology""}, {""kind"": ""SIBLING_OF_SUBMITTED_HOST"", ""detail"": ""shares the registrable domain hkust.edu.hk with ebookshelf.hkust.edu.hk, fytgs.hkust.edu.hk, hkust.edu.hk, registry.hkust.edu.hk. A relationship to check, not a reason to inherit trust""}, {""kind"": ""PAGE_EVIDENCE_AVAILABLE"", ""detail"": ""2 page(s) have a stored body a reviewer can read. Evidence availability, not officialness""}]","[""HTTP 200 on any page"", ""the top-level domain"", ""3 extracted candidates""]"
the hong kong university of science and technology,registry.hkust.edu.hk,hkust.edu.hk,NEEDS_REVIEW,VERIFIED_OFFICIAL,NONE (official_domain has no row for this host),2,False,"[""ebookshelf.hkust.edu.hk"", ""fytgs.hkust.edu.hk"", ""hkust.edu.hk"", ""join.hkust.edu.hk""]","[""ACADEMIC_CALENDAR"", ""TUITION_FEES""]","{""BODY_EVIDENCE"": 2}",2,"Is registry.hkust.edu.hk controlled by, or officially authorised for, the hong kong university of science and technology?","[{""kind"": ""SUBMITTED_BY_CLIENT"", ""detail"": ""2 page(s) submitted on this host by the client workbook for the hong kong university of science and technology""}, {""kind"": ""SIBLING_OF_SUBMITTED_HOST"", ""detail"": ""shares the registrable domain hkust.edu.hk with ebookshelf.hkust.edu.hk, fytgs.hkust.edu.hk, hkust.edu.hk, join.hkust.edu.hk. A relationship to check, not a reason to inherit trust""}, {""kind"": ""PAGE_EVIDENCE_AVAILABLE"", ""detail"": ""2 page(s) have a stored body a reviewer can read. Evidence availability, not officialness""}]","[""HTTP 200 on any page"", ""the top-level domain"", ""2 extracted candidates""]"
the university of edinburgh,www.ed.ac.uk,ed.ac.uk,NEEDS_REVIEW,VERIFIED_OFFICIAL,NONE (official_domain has no row for this host),10,False,[],"[""ACADEMIC_CALENDAR"", ""APPLICATION_DEADLINES"", ""ENTRY_REQUIREMENTS"", ""LANGUAGE_REQUIREMENTS"", ""PHD_ADMISSIONS"", ""POSTGRADUATE_ADMISSIONS"", ""PROGRAM_CATALOG"", ""TUITION_FEES"", ""UNDERGRADUATE_ADMISSIONS"", ""UNIVERSITY_HOME""]","{""BODY_EVIDENCE"": 6, ""DEAD_NOT_FOUND"": 4}",0,"Is www.ed.ac.uk controlled by, or officially authorised for, the university of edinburgh?","[{""kind"": ""SUBMITTED_BY_CLIENT"", ""detail"": ""10 page(s) submitted on this host by the client workbook for the university of edinburgh""}, {""kind"": ""PAGE_TITLE_NAMES_INSTITUTION"", ""detail"": ""6 of 6 stored title(s) name the institution, e.g. 'Applying | Postgraduate study | The University of Edinburgh'""}, {""kind"": ""PAGE_EVIDENCE_AVAILABLE"", ""detail"": ""6 page(s) have a stored body a reviewer can read. Evidence availability, not officialness""}]","[""HTTP 200 on any page"", ""the top-level domain"", ""0 extracted candidates""]"
the university of hong kong,admissions.hku.hk,hku.hk,NEEDS_REVIEW,VERIFIED_OFFICIAL,NONE (official_domain has no row for this host),6,False,"[""gradsch.hku.hk"", ""www.hku.hk""]","[""APPLICATION_DEADLINES"", ""ENTRY_REQUIREMENTS"", ""POSTGRADUATE_ADMISSIONS"", ""PROGRAM_CATALOG"", ""TUITION_FEES"", ""UNDERGRADUATE_ADMISSIONS""]","{""BLOCKED"": 2, ""BODY_EVIDENCE"": 3, ""DEAD_NOT_FOUND"": 1}",1,"Is admissions.hku.hk controlled by, or officially authorised for, the university of hong kong?","[{""kind"": ""SUBMITTED_BY_CLIENT"", ""detail"": ""6 page(s) submitted on this host by the client workbook for the university of hong kong""}, {""kind"": ""SIBLING_OF_SUBMITTED_HOST"", ""detail"": ""shares the registrable domain hku.hk with gradsch.hku.hk, www.hku.hk. A relationship to check, not a reason to inherit trust""}, {""kind"": ""PAGE_EVIDENCE_AVAILABLE"", ""detail"": ""3 page(s) have a stored body a reviewer can read. Evidence availability, not officialness""}, {""kind"": ""ACCESS_BLOCKED"", ""detail"": ""2 page(s) refused automated access. Section 8: this is not evidence the domain is unofficial""}]","[""HTTP 200 on any page"", ""the top-level domain"", ""1 extracted candidates""]"
the university of hong kong,gradsch.hku.hk,hku.hk,NEEDS_REVIEW,VERIFIED_OFFICIAL,NONE (official_domain has no row for this host),1,False,"[""admissions.hku.hk"", ""www.hku.hk""]","[""PHD_ADMISSIONS""]","{""BODY_EVIDENCE"": 1}",0,"Is gradsch.hku.hk controlled by, or officially authorised for, the university of hong kong?","[{""kind"": ""SUBMITTED_BY_CLIENT"", ""detail"": ""1 page(s) submitted on this host by the client workbook for the university of hong kong""}, {""kind"": ""SIBLING_OF_SUBMITTED_HOST"", ""detail"": ""shares the registrable domain hku.hk with admissions.hku.hk, www.hku.hk. A relationship to check, not a reason to inherit trust""}, {""kind"": ""PAGE_EVIDENCE_AVAILABLE"", ""detail"": ""1 page(s) have a stored body a reviewer can read. Evidence availability, not officialness""}]","[""HTTP 200 on any page"", ""the top-level domain"", ""0 extracted candidates""]"
the university of hong kong,www.hku.hk,hku.hk,NEEDS_REVIEW,VERIFIED_OFFICIAL,NONE (official_domain has no row for this host),2,False,"[""admissions.hku.hk"", ""gradsch.hku.hk""]","[""ACADEMIC_CALENDAR"", ""UNIVERSITY_HOME""]","{""BODY_EVIDENCE"": 1, ""DEAD_NOT_FOUND"": 1}",0,"Is www.hku.hk controlled by, or officially authorised for, the university of hong kong?","[{""kind"": ""SUBMITTED_BY_CLIENT"", ""detail"": ""2 page(s) submitted on this host by the client workbook for the university of hong kong""}, {""kind"": ""SIBLING_OF_SUBMITTED_HOST"", ""detail"": ""shares the registrable domain hku.hk with admissions.hku.hk, gradsch.hku.hk. A relationship to check, not a reason to inherit trust""}, {""kind"": ""PAGE_EVIDENCE_AVAILABLE"", ""detail"": ""1 page(s) have a stored body a reviewer can read. Evidence availability, not officialness""}]","[""HTTP 200 on any page"", ""the top-level domain"", ""0 extracted candidates""]"
the university of manchester,www.manchester.ac.uk,manchester.ac.uk,NEEDS_REVIEW,VERIFIED_OFFICIAL,NONE (official_domain has no row for this host),10,False,[],"[""ACADEMIC_CALENDAR"", ""APPLICATION_DEADLINES"", ""ENTRY_REQUIREMENTS"", ""LANGUAGE_REQUIREMENTS"", ""PHD_ADMISSIONS"", ""POSTGRADUATE_ADMISSIONS"", ""PROGRAM_CATALOG"", ""TUITION_FEES"", ""UNDERGRADUATE_ADMISSIONS"", ""UNIVERSITY_HOME""]","{""BODY_EVIDENCE"": 6, ""DEAD_NOT_FOUND"": 4}",172,"Is www.manchester.ac.uk controlled by, or officially authorised for, the university of manchester?","[{""kind"": ""SUBMITTED_BY_CLIENT"", ""detail"": ""10 page(s) submitted on this host by the client workbook for the university of manchester""}, {""kind"": ""HOST_MATCHES_INSTITUTION_TOKEN"", ""detail"": ""hostname contains manchester""}, {""kind"": ""PAGE_TITLE_NAMES_INSTITUTION"", ""detail"": ""6 of 6 stored title(s) name the institution, e.g. 'Applying for undergraduate study at The University of Manchester'""}, {""kind"": ""PAGE_EVIDENCE_AVAILABLE"", ""detail"": ""6 page(s) have a stored body a reviewer can read. Evidence availability, not officialness""}]","[""HTTP 200 on any page"", ""the top-level domain"", ""172 extracted candidates""]"
the university of melbourne,students.unimelb.edu.au,unimelb.edu.au,NEEDS_REVIEW,VERIFIED_OFFICIAL,NONE (official_domain has no row for this host),1,False,"[""study.unimelb.edu.au"", ""www.unimelb.edu.au""]","[""ACADEMIC_CALENDAR""]","{""BLOCKED"": 1}",0,"Is students.unimelb.edu.au controlled by, or officially authorised for, the university of melbourne?","[{""kind"": ""SUBMITTED_BY_CLIENT"", ""detail"": ""1 page(s) submitted on this host by the client workbook for the university of melbourne""}, {""kind"": ""SIBLING_OF_SUBMITTED_HOST"", ""detail"": ""shares the registrable domain unimelb.edu.au with study.unimelb.edu.au, www.unimelb.edu.au. A relationship to check, not a reason to inherit trust""}, {""kind"": ""ACCESS_BLOCKED"", ""detail"": ""1 page(s) refused automated access. Section 8: this is not evidence the domain is unofficial""}]","[""HTTP 200 on any page"", ""the top-level domain"", ""0 extracted candidates""]"
the university of melbourne,study.unimelb.edu.au,unimelb.edu.au,NEEDS_REVIEW,VERIFIED_OFFICIAL,NONE (official_domain has no row for this host),8,False,"[""students.unimelb.edu.au"", ""www.unimelb.edu.au""]","[""APPLICATION_DEADLINES"", ""ENTRY_REQUIREMENTS"", ""LANGUAGE_REQUIREMENTS"", ""PHD_ADMISSIONS"", ""POSTGRADUATE_ADMISSIONS"", ""PROGRAM_CATALOG"", ""TUITION_FEES"", ""UNDERGRADUATE_ADMISSIONS""]","{""BLOCKED"": 8}",0,"Is study.unimelb.edu.au controlled by, or officially authorised for, the university of melbourne?","[{""kind"": ""SUBMITTED_BY_CLIENT"", ""detail"": ""8 page(s) submitted on this host by the client workbook for the university of melbourne""}, {""kind"": ""SIBLING_OF_SUBMITTED_HOST"", ""detail"": ""shares the registrable domain unimelb.edu.au with students.unimelb.edu.au, www.unimelb.edu.au. A relationship to check, not a reason to inherit trust""}, {""kind"": ""ACCESS_BLOCKED"", ""detail"": ""8 page(s) refused automated access. Section 8: this is not evidence the domain is unofficial""}]","[""HTTP 200 on any page"", ""the top-level domain"", ""0 extracted candidates""]"
the university of melbourne,www.unimelb.edu.au,unimelb.edu.au,NEEDS_REVIEW,VERIFIED_OFFICIAL,NONE (official_domain has no row for this host),1,False,"[""students.unimelb.edu.au"", ""study.unimelb.edu.au""]","[""UNIVERSITY_HOME""]","{""BLOCKED"": 1}",0,"Is www.unimelb.edu.au controlled by, or officially authorised for, the university of melbourne?","[{""kind"": ""SUBMITTED_BY_CLIENT"", ""detail"": ""1 page(s) submitted on this host by the client workbook for the university of melbourne""}, {""kind"": ""SIBLING_OF_SUBMITTED_HOST"", ""detail"": ""shares the registrable domain unimelb.edu.au with students.unimelb.edu.au, study.unimelb.edu.au. A relationship to check, not a reason to inherit trust""}, {""kind"": ""ACCESS_BLOCKED"", ""detail"": ""1 page(s) refused automated access. Section 8: this is not evidence the domain is unofficial""}]","[""HTTP 200 on any page"", ""the top-level domain"", ""0 extracted candidates""]"
the university of new south wales (unsw sydney),www.student.unsw.edu.au,unsw.edu.au,NEEDS_REVIEW,VERIFIED_OFFICIAL,NONE (official_domain has no row for this host),1,False,"[""www.unsw.edu.au""]","[""ACADEMIC_CALENDAR""]","{""BODY_EVIDENCE"": 1}",0,"Is www.student.unsw.edu.au controlled by, or officially authorised for, the university of new south wales (unsw sydney)?","[{""kind"": ""SUBMITTED_BY_CLIENT"", ""detail"": ""1 page(s) submitted on this host by the client workbook for the university of new south wales (unsw sydney)""}, {""kind"": ""HOST_MATCHES_INSTITUTION_TOKEN"", ""detail"": ""hostname contains unsw""}, {""kind"": ""PAGE_TITLE_NAMES_INSTITUTION"", ""detail"": ""1 of 1 stored title(s) name the institution, e.g. 'Academic calendar | Current Students - UNSW Sydney'""}, {""kind"": ""SIBLING_OF_SUBMITTED_HOST"", ""detail"": ""shares the registrable domain unsw.edu.au with www.unsw.edu.au. A relationship to check, not a reason to inherit trust""}, {""kind"": ""PAGE_EVIDENCE_AVAILABLE"", ""detail"": ""1 page(s) have a stored body a reviewer can read. Evidence availability, not officialness""}]","[""HTTP 200 on any page"", ""the top-level domain"", ""0 extracted candidates""]"
the university of new south wales (unsw sydney),www.unsw.edu.au,unsw.edu.au,NEEDS_REVIEW,VERIFIED_OFFICIAL,NONE (official_domain has no row for this host),9,False,"[""www.student.unsw.edu.au""]","[""APPLICATION_DEADLINES"", ""ENTRY_REQUIREMENTS"", ""LANGUAGE_REQUIREMENTS"", ""PHD_ADMISSIONS"", ""POSTGRADUATE_ADMISSIONS"", ""PROGRAM_CATALOG"", ""TUITION_FEES"", ""UNDERGRADUATE_ADMISSIONS"", ""UNIVERSITY_HOME""]","{""BODY_EVIDENCE"": 8, ""DEAD_NOT_FOUND"": 1}",33,"Is www.unsw.edu.au controlled by, or officially authorised for, the university of new south wales (unsw sydney)?","[{""kind"": ""SUBMITTED_BY_CLIENT"", ""detail"": ""9 page(s) submitted on this host by the client workbook for the university of new south wales (unsw sydney)""}, {""kind"": ""HOST_MATCHES_INSTITUTION_TOKEN"", ""detail"": ""hostname contains unsw""}, {""kind"": ""PAGE_TITLE_NAMES_INSTITUTION"", ""detail"": ""8 of 8 stored title(s) name the institution, e.g. 'Apply to UNSW online | How to apply | UNSW Sydney'""}, {""kind"": ""SIBLING_OF_SUBMITTED_HOST"", ""detail"": ""shares the registrable domain unsw.edu.au with www.student.unsw.edu.au. A relationship to check, not a reason to inherit trust""}, {""kind"": ""PAGE_EVIDENCE_AVAILABLE"", ""detail"": ""8 page(s) have a stored body a reviewer can read. Evidence availability, not officialness""}]","[""HTTP 200 on any page"", ""the top-level domain"", ""33 extracted candidates""]"
the university of queensland,about.uq.edu.au,uq.edu.au,NEEDS_REVIEW,VERIFIED_OFFICIAL,NONE (official_domain has no row for this host),1,False,"[""study.uq.edu.au"", ""www.uq.edu.au""]","[""ACADEMIC_CALENDAR""]","{""BLOCKED"": 1}",0,"Is about.uq.edu.au controlled by, or officially authorised for, the university of queensland?","[{""kind"": ""SUBMITTED_BY_CLIENT"", ""detail"": ""1 page(s) submitted on this host by the client workbook for the university of queensland""}, {""kind"": ""SIBLING_OF_SUBMITTED_HOST"", ""detail"": ""shares the registrable domain uq.edu.au with study.uq.edu.au, www.uq.edu.au. A relationship to check, not a reason to inherit trust""}, {""kind"": ""ACCESS_BLOCKED"", ""detail"": ""1 page(s) refused automated access. Section 8: this is not evidence the domain is unofficial""}]","[""HTTP 200 on any page"", ""the top-level domain"", ""0 extracted candidates""]"
the university of queensland,study.uq.edu.au,uq.edu.au,NEEDS_REVIEW,VERIFIED_OFFICIAL,NONE (official_domain has no row for this host),8,False,"[""about.uq.edu.au"", ""www.uq.edu.au""]","[""APPLICATION_DEADLINES"", ""ENTRY_REQUIREMENTS"", ""LANGUAGE_REQUIREMENTS"", ""PHD_ADMISSIONS"", ""POSTGRADUATE_ADMISSIONS"", ""PROGRAM_CATALOG"", ""TUITION_FEES"", ""UNDERGRADUATE_ADMISSIONS""]","{""BLOCKED"": 8}",0,"Is study.uq.edu.au controlled by, or officially authorised for, the university of queensland?","[{""kind"": ""SUBMITTED_BY_CLIENT"", ""detail"": ""8 page(s) submitted on this host by the client workbook for the university of queensland""}, {""kind"": ""SIBLING_OF_SUBMITTED_HOST"", ""detail"": ""shares the registrable domain uq.edu.au with about.uq.edu.au, www.uq.edu.au. A relationship to check, not a reason to inherit trust""}, {""kind"": ""ACCESS_BLOCKED"", ""detail"": ""8 page(s) refused automated access. Section 8: this is not evidence the domain is unofficial""}]","[""HTTP 200 on any page"", ""the top-level domain"", ""0 extracted candidates""]"
the university of queensland,www.uq.edu.au,uq.edu.au,NEEDS_REVIEW,VERIFIED_OFFICIAL,NONE (official_domain has no row for this host),1,False,"[""about.uq.edu.au"", ""study.uq.edu.au""]","[""UNIVERSITY_HOME""]","{""BODY_EVIDENCE"": 1}",0,"Is www.uq.edu.au controlled by, or officially authorised for, the university of queensland?","[{""kind"": ""SUBMITTED_BY_CLIENT"", ""detail"": ""1 page(s) submitted on this host by the client workbook for the university of queensland""}, {""kind"": ""PAGE_TITLE_NAMES_INSTITUTION"", ""detail"": ""1 of 1 stored title(s) name the institution, e.g. 'The University of Queensland'""}, {""kind"": ""SIBLING_OF_SUBMITTED_HOST"", ""detail"": ""shares the registrable domain uq.edu.au with about.uq.edu.au, study.uq.edu.au. A relationship to check, not a reason to inherit trust""}, {""kind"": ""PAGE_EVIDENCE_AVAILABLE"", ""detail"": ""1 page(s) have a stored body a reviewer can read. Evidence availability, not officialness""}]","[""HTTP 200 on any page"", ""the top-level domain"", ""0 extracted candidates""]"
the university of sydney,www.sydney.edu.au,sydney.edu.au,NEEDS_REVIEW,VERIFIED_OFFICIAL,NONE (official_domain has no row for this host),10,False,[],"[""ACADEMIC_CALENDAR"", ""APPLICATION_DEADLINES"", ""ENTRY_REQUIREMENTS"", ""LANGUAGE_REQUIREMENTS"", ""PHD_ADMISSIONS"", ""POSTGRADUATE_ADMISSIONS"", ""PROGRAM_CATALOG"", ""TUITION_FEES"", ""UNDERGRADUATE_ADMISSIONS"", ""UNIVERSITY_HOME""]","{""BODY_EVIDENCE"": 8, ""DEAD_NOT_FOUND"": 2}",64,"Is www.sydney.edu.au controlled by, or officially authorised for, the university of sydney?","[{""kind"": ""SUBMITTED_BY_CLIENT"", ""detail"": ""10 page(s) submitted on this host by the client workbook for the university of sydney""}, {""kind"": ""HOST_MATCHES_INSTITUTION_TOKEN"", ""detail"": ""hostname contains sydney""}, {""kind"": ""PAGE_TITLE_NAMES_INSTITUTION"", ""detail"": ""8 of 8 stored title(s) name the institution, e.g. 'Application and semester dates - The University of Sydney'""}, {""kind"": ""PAGE_EVIDENCE_AVAILABLE"", ""detail"": ""8 page(s) have a stored body a reviewer can read. Evidence availability, not officialness""}]","[""HTTP 200 on any page"", ""the top-level domain"", ""64 extracted candidates""]"
ucl,www.ucl.ac.uk,ucl.ac.uk,NEEDS_REVIEW,VERIFIED_OFFICIAL,NONE (official_domain has no row for this host),10,False,[],"[""ACADEMIC_CALENDAR"", ""APPLICATION_DEADLINES"", ""ENTRY_REQUIREMENTS"", ""LANGUAGE_REQUIREMENTS"", ""PHD_ADMISSIONS"", ""POSTGRADUATE_ADMISSIONS"", ""PROGRAM_CATALOG"", ""TUITION_FEES"", ""UNDERGRADUATE_ADMISSIONS"", ""UNIVERSITY_HOME""]","{""BODY_EVIDENCE"": 8, ""DEAD_NOT_FOUND"": 2}",183,"Is www.ucl.ac.uk controlled by, or officially authorised for, ucl?","[{""kind"": ""SUBMITTED_BY_CLIENT"", ""detail"": ""10 page(s) submitted on this host by the client workbook for ucl""}, {""kind"": ""PAGE_EVIDENCE_AVAILABLE"", ""detail"": ""8 page(s) have a stored body a reviewer can read. Evidence availability, not officialness""}]","[""HTTP 200 on any page"", ""the top-level domain"", ""183 extracted candidates""]"
university of british columbia,students.ubc.ca,ubc.ca,NEEDS_REVIEW,VERIFIED_OFFICIAL,NONE (official_domain has no row for this host),1,False,"[""www.calendar.ubc.ca"", ""www.grad.ubc.ca"", ""www.ubc.ca"", ""you.ubc.ca""]","[""TUITION_FEES""]","{""BODY_EVIDENCE"": 1}",0,"Is students.ubc.ca controlled by, or officially authorised for, university of british columbia?","[{""kind"": ""SUBMITTED_BY_CLIENT"", ""detail"": ""1 page(s) submitted on this host by the client workbook for university of british columbia""}, {""kind"": ""SIBLING_OF_SUBMITTED_HOST"", ""detail"": ""shares the registrable domain ubc.ca with www.calendar.ubc.ca, www.grad.ubc.ca, www.ubc.ca, you.ubc.ca. A relationship to check, not a reason to inherit trust""}, {""kind"": ""PAGE_EVIDENCE_AVAILABLE"", ""detail"": ""1 page(s) have a stored body a reviewer can read. Evidence availability, not officialness""}]","[""HTTP 200 on any page"", ""the top-level domain"", ""0 extracted candidates""]"
university of british columbia,www.calendar.ubc.ca,ubc.ca,NEEDS_REVIEW,VERIFIED_OFFICIAL,NONE (official_domain has no row for this host),2,False,"[""students.ubc.ca"", ""www.grad.ubc.ca"", ""www.ubc.ca"", ""you.ubc.ca""]","[""ACADEMIC_CALENDAR"", ""PROGRAM_CATALOG""]","{""BODY_EVIDENCE"": 2}",0,"Is www.calendar.ubc.ca controlled by, or officially authorised for, university of british columbia?","[{""kind"": ""SUBMITTED_BY_CLIENT"", ""detail"": ""2 page(s) submitted on this host by the client workbook for university of british columbia""}, {""kind"": ""SIBLING_OF_SUBMITTED_HOST"", ""detail"": ""shares the registrable domain ubc.ca with students.ubc.ca, www.grad.ubc.ca, www.ubc.ca, you.ubc.ca. A relationship to check, not a reason to inherit trust""}, {""kind"": ""PAGE_EVIDENCE_AVAILABLE"", ""detail"": ""2 page(s) have a stored body a reviewer can read. Evidence availability, not officialness""}]","[""HTTP 200 on any page"", ""the top-level domain"", ""0 extracted candidates""]"
university of british columbia,www.grad.ubc.ca,ubc.ca,NEEDS_REVIEW,VERIFIED_OFFICIAL,NONE (official_domain has no row for this host),2,False,"[""students.ubc.ca"", ""www.calendar.ubc.ca"", ""www.ubc.ca"", ""you.ubc.ca""]","[""LANGUAGE_REQUIREMENTS"", ""POSTGRADUATE_ADMISSIONS""]","{""BODY_EVIDENCE"": 2}",24,"Is www.grad.ubc.ca controlled by, or officially authorised for, university of british columbia?","[{""kind"": ""SUBMITTED_BY_CLIENT"", ""detail"": ""2 page(s) submitted on this host by the client workbook for university of british columbia""}, {""kind"": ""PAGE_TITLE_NAMES_INSTITUTION"", ""detail"": ""2 of 2 stored title(s) name the institution, e.g. 'English Language Test | Graduate School at The University of British Columbia (UBC)'""}, {""kind"": ""SIBLING_OF_SUBMITTED_HOST"", ""detail"": ""shares the registrable domain ubc.ca with students.ubc.ca, www.calendar.ubc.ca, www.ubc.ca, you.ubc.ca. A relationship to check, not a reason to inherit trust""}, {""kind"": ""PAGE_EVIDENCE_AVAILABLE"", ""detail"": ""2 page(s) have a stored body a reviewer can read. Evidence availability, not officialness""}]","[""HTTP 200 on any page"", ""the top-level domain"", ""24 extracted candidates""]"
university of british columbia,www.ubc.ca,ubc.ca,NEEDS_REVIEW,VERIFIED_OFFICIAL,NONE (official_domain has no row for this host),1,False,"[""students.ubc.ca"", ""www.calendar.ubc.ca"", ""www.grad.ubc.ca"", ""you.ubc.ca""]","[""UNIVERSITY_HOME""]","{""BODY_EVIDENCE"": 1}",0,"Is www.ubc.ca controlled by, or officially authorised for, university of british columbia?","[{""kind"": ""SUBMITTED_BY_CLIENT"", ""detail"": ""1 page(s) submitted on this host by the client workbook for university of british columbia""}, {""kind"": ""PAGE_TITLE_NAMES_INSTITUTION"", ""detail"": ""1 of 1 stored title(s) name the institution, e.g. 'The University of British Columbia'""}, {""kind"": ""SIBLING_OF_SUBMITTED_HOST"", ""detail"": ""shares the registrable domain ubc.ca with students.ubc.ca, www.calendar.ubc.ca, www.grad.ubc.ca, you.ubc.ca. A relationship to check, not a reason to inherit trust""}, {""kind"": ""PAGE_EVIDENCE_AVAILABLE"", ""detail"": ""1 page(s) have a stored body a reviewer can read. Evidence availability, not officialness""}]","[""HTTP 200 on any page"", ""the top-level domain"", ""0 extracted candidates""]"
university of british columbia,you.ubc.ca,ubc.ca,NEEDS_REVIEW,VERIFIED_OFFICIAL,NONE (official_domain has no row for this host),3,False,"[""students.ubc.ca"", ""www.calendar.ubc.ca"", ""www.grad.ubc.ca"", ""www.ubc.ca""]","[""APPLICATION_DEADLINES"", ""ENTRY_REQUIREMENTS"", ""UNDERGRADUATE_ADMISSIONS""]","{""BODY_EVIDENCE"": 3}",3,"Is you.ubc.ca controlled by, or officially authorised for, university of british columbia?","[{""kind"": ""SUBMITTED_BY_CLIENT"", ""detail"": ""3 page(s) submitted on this host by the client workbook for university of british columbia""}, {""kind"": ""SIBLING_OF_SUBMITTED_HOST"", ""detail"": ""shares the registrable domain ubc.ca with students.ubc.ca, www.calendar.ubc.ca, www.grad.ubc.ca, www.ubc.ca. A relationship to check, not a reason to inherit trust""}, {""kind"": ""PAGE_EVIDENCE_AVAILABLE"", ""detail"": ""3 page(s) have a stored body a reviewer can read. Evidence availability, not officialness""}]","[""HTTP 200 on any page"", ""the top-level domain"", ""3 extracted candidates""]"
"university of california, berkeley (ucb)",admissions.berkeley.edu,berkeley.edu,NEEDS_REVIEW,VERIFIED_OFFICIAL,NONE (official_domain has no row for this host),2,False,"[""financialaid.berkeley.edu"", ""grad.berkeley.edu"", ""guide.berkeley.edu"", ""registrar.berkeley.edu"", ""www.berkeley.edu""]","[""ENTRY_REQUIREMENTS"", ""UNDERGRADUATE_ADMISSIONS""]","{""BODY_EVIDENCE"": 2}",11,"Is admissions.berkeley.edu controlled by, or officially authorised for, university of california, berkeley (ucb)?","[{""kind"": ""SUBMITTED_BY_CLIENT"", ""detail"": ""2 page(s) submitted on this host by the client workbook for university of california, berkeley (ucb)""}, {""kind"": ""HOST_MATCHES_INSTITUTION_TOKEN"", ""detail"": ""hostname contains berkeley""}, {""kind"": ""PAGE_TITLE_NAMES_INSTITUTION"", ""detail"": ""1 of 2 stored title(s) name the institution, e.g. 'Apply to UC Berkeley - Office of Undergraduate Admissions'""}, {""kind"": ""SIBLING_OF_SUBMITTED_HOST"", ""detail"": ""shares the registrable domain berkeley.edu with financialaid.berkeley.edu, grad.berkeley.edu, guide.berkeley.edu, registrar.berkeley.edu, www.berkeley.edu. A relationship to check, not a reason to inherit trust""}, {""kind"": ""PAGE_EVIDENCE_AVAILABLE"", ""detail"": ""2 page(s) have a stored body a reviewer can read. Evidence availability, not officialness""}]","[""HTTP 200 on any page"", ""the top-level domain"", ""11 extracted candidates""]"
"university of california, berkeley (ucb)",financialaid.berkeley.edu,berkeley.edu,NEEDS_REVIEW,VERIFIED_OFFICIAL,NONE (official_domain has no row for this host),1,False,"[""admissions.berkeley.edu"", ""grad.berkeley.edu"", ""guide.berkeley.edu"", ""registrar.berkeley.edu"", ""www.berkeley.edu""]","[""TUITION_FEES""]","{""BODY_EVIDENCE"": 1}",12,"Is financialaid.berkeley.edu controlled by, or officially authorised for, university of california, berkeley (ucb)?","[{""kind"": ""SUBMITTED_BY_CLIENT"", ""detail"": ""1 page(s) submitted on this host by the client workbook for university of california, berkeley (ucb)""}, {""kind"": ""HOST_MATCHES_INSTITUTION_TOKEN"", ""detail"": ""hostname contains berkeley""}, {""kind"": ""SIBLING_OF_SUBMITTED_HOST"", ""detail"": ""shares the registrable domain berkeley.edu with admissions.berkeley.edu, grad.berkeley.edu, guide.berkeley.edu, registrar.berkeley.edu, www.berkeley.edu. A relationship to check, not a reason to inherit trust""}, {""kind"": ""PAGE_EVIDENCE_AVAILABLE"", ""detail"": ""1 page(s) have a stored body a reviewer can read. Evidence availability, not officialness""}]","[""HTTP 200 on any page"", ""the top-level domain"", ""12 extracted candidates""]"
"university of california, berkeley (ucb)",grad.berkeley.edu,berkeley.edu,NEEDS_REVIEW,VERIFIED_OFFICIAL,NONE (official_domain has no row for this host),2,False,"[""admissions.berkeley.edu"", ""financialaid.berkeley.edu"", ""guide.berkeley.edu"", ""registrar.berkeley.edu"", ""www.berkeley.edu""]","[""LANGUAGE_REQUIREMENTS"", ""POSTGRADUATE_ADMISSIONS""]","{""BODY_EVIDENCE"": 2}",36,"Is grad.berkeley.edu controlled by, or officially authorised for, university of california, berkeley (ucb)?","[{""kind"": ""SUBMITTED_BY_CLIENT"", ""detail"": ""2 page(s) submitted on this host by the client workbook for university of california, berkeley (ucb)""}, {""kind"": ""HOST_MATCHES_INSTITUTION_TOKEN"", ""detail"": ""hostname contains berkeley""}, {""kind"": ""PAGE_TITLE_NAMES_INSTITUTION"", ""detail"": ""2 of 2 stored title(s) name the institution, e.g. 'Admissions - Berkeley Graduate Division'""}, {""kind"": ""SIBLING_OF_SUBMITTED_HOST"", ""detail"": ""shares the registrable domain berkeley.edu with admissions.berkeley.edu, financialaid.berkeley.edu, guide.berkeley.edu, registrar.berkeley.edu, www.berkeley.edu. A relationship to check, not a reason to inherit trust""}, {""kind"": ""PAGE_EVIDENCE_AVAILABLE"", ""detail"": ""2 page(s) have a stored body a reviewer can read. Evidence availability, not officialness""}]","[""HTTP 200 on any page"", ""the top-level domain"", ""36 extracted candidates""]"
"university of california, berkeley (ucb)",guide.berkeley.edu,berkeley.edu,NEEDS_REVIEW,VERIFIED_OFFICIAL,NONE (official_domain has no row for this host),1,False,"[""admissions.berkeley.edu"", ""financialaid.berkeley.edu"", ""grad.berkeley.edu"", ""registrar.berkeley.edu"", ""www.berkeley.edu""]","[""PROGRAM_CATALOG""]","{""BODY_EVIDENCE"": 1}",2,"Is guide.berkeley.edu controlled by, or officially authorised for, university of california, berkeley (ucb)?","[{""kind"": ""SUBMITTED_BY_CLIENT"", ""detail"": ""1 page(s) submitted on this host by the client workbook for university of california, berkeley (ucb)""}, {""kind"": ""HOST_MATCHES_INSTITUTION_TOKEN"", ""detail"": ""hostname contains berkeley""}, {""kind"": ""SIBLING_OF_SUBMITTED_HOST"", ""detail"": ""shares the registrable domain berkeley.edu with admissions.berkeley.edu, financialaid.berkeley.edu, grad.berkeley.edu, registrar.berkeley.edu, www.berkeley.edu. A relationship to check, not a reason to inherit trust""}, {""kind"": ""PAGE_EVIDENCE_AVAILABLE"", ""detail"": ""1 page(s) have a stored body a reviewer can read. Evidence availability, not officialness""}]","[""HTTP 200 on any page"", ""the top-level domain"", ""2 extracted candidates""]"
"university of california, berkeley (ucb)",registrar.berkeley.edu,berkeley.edu,NEEDS_REVIEW,VERIFIED_OFFICIAL,NONE (official_domain has no row for this host),1,False,"[""admissions.berkeley.edu"", ""financialaid.berkeley.edu"", ""grad.berkeley.edu"", ""guide.berkeley.edu"", ""www.berkeley.edu""]","[""ACADEMIC_CALENDAR""]","{""BODY_EVIDENCE"": 1}",0,"Is registrar.berkeley.edu controlled by, or officially authorised for, university of california, berkeley (ucb)?","[{""kind"": ""SUBMITTED_BY_CLIENT"", ""detail"": ""1 page(s) submitted on this host by the client workbook for university of california, berkeley (ucb)""}, {""kind"": ""HOST_MATCHES_INSTITUTION_TOKEN"", ""detail"": ""hostname contains berkeley""}, {""kind"": ""SIBLING_OF_SUBMITTED_HOST"", ""detail"": ""shares the registrable domain berkeley.edu with admissions.berkeley.edu, financialaid.berkeley.edu, grad.berkeley.edu, guide.berkeley.edu, www.berkeley.edu. A relationship to check, not a reason to inherit trust""}, {""kind"": ""PAGE_EVIDENCE_AVAILABLE"", ""detail"": ""1 page(s) have a stored body a reviewer can read. Evidence availability, not officialness""}]","[""HTTP 200 on any page"", ""the top-level domain"", ""0 extracted candidates""]"
"university of california, berkeley (ucb)",www.berkeley.edu,berkeley.edu,NEEDS_REVIEW,VERIFIED_OFFICIAL,NONE (official_domain has no row for this host),1,False,"[""admissions.berkeley.edu"", ""financialaid.berkeley.edu"", ""grad.berkeley.edu"", ""guide.berkeley.edu"", ""registrar.berkeley.edu""]","[""UNIVERSITY_HOME""]","{""BODY_EVIDENCE"": 1}",0,"Is www.berkeley.edu controlled by, or officially authorised for, university of california, berkeley (ucb)?","[{""kind"": ""SUBMITTED_BY_CLIENT"", ""detail"": ""1 page(s) submitted on this host by the client workbook for university of california, berkeley (ucb)""}, {""kind"": ""HOST_MATCHES_INSTITUTION_TOKEN"", ""detail"": ""hostname contains berkeley""}, {""kind"": ""PAGE_TITLE_NAMES_INSTITUTION"", ""detail"": ""1 of 1 stored title(s) name the institution, e.g. 'University of California, Berkeley: Home'""}, {""kind"": ""SIBLING_OF_SUBMITTED_HOST"", ""detail"": ""shares the registrable domain berkeley.edu with admissions.berkeley.edu, financialaid.berkeley.edu, grad.berkeley.edu, guide.berkeley.edu, registrar.berkeley.edu. A relationship to check, not a reason to inherit trust""}, {""kind"": ""PAGE_EVIDENCE_AVAILABLE"", ""detail"": ""1 page(s) have a stored body a reviewer can read. Evidence availability, not officialness""}]","[""HTTP 200 on any page"", ""the top-level domain"", ""0 extracted candidates""]"
"university of california, los angeles (ucla)",admission.ucla.edu,ucla.edu,NEEDS_REVIEW,VERIFIED_OFFICIAL,NONE (official_domain has no row for this host),2,False,"[""catalog.registrar.ucla.edu"", ""financialaid.ucla.edu"", ""grad.ucla.edu"", ""www.registrar.ucla.edu"", ""www.ucla.edu""]","[""ENTRY_REQUIREMENTS"", ""UNDERGRADUATE_ADMISSIONS""]","{""BODY_EVIDENCE"": 2}",4,"Is admission.ucla.edu controlled by, or officially authorised for, university of california, los angeles (ucla)?","[{""kind"": ""SUBMITTED_BY_CLIENT"", ""detail"": ""2 page(s) submitted on this host by the client workbook for university of california, los angeles (ucla)""}, {""kind"": ""HOST_MATCHES_INSTITUTION_TOKEN"", ""detail"": ""hostname contains ucla""}, {""kind"": ""PAGE_TITLE_NAMES_INSTITUTION"", ""detail"": ""2 of 2 stored title(s) name the institution, e.g. 'Apply | UCLA Undergraduate Admission'""}, {""kind"": ""SIBLING_OF_SUBMITTED_HOST"", ""detail"": ""shares the registrable domain ucla.edu with catalog.registrar.ucla.edu, financialaid.ucla.edu, grad.ucla.edu, www.registrar.ucla.edu, www.ucla.edu. A relationship to check, not a reason to inherit trust""}, {""kind"": ""PAGE_EVIDENCE_AVAILABLE"", ""detail"": ""2 page(s) have a stored body a reviewer can read. Evidence availability, not officialness""}]","[""HTTP 200 on any page"", ""the top-level domain"", ""4 extracted candidates""]"
"university of california, los angeles (ucla)",catalog.registrar.ucla.edu,ucla.edu,NEEDS_REVIEW,VERIFIED_OFFICIAL,NONE (official_domain has no row for this host),1,False,"[""admission.ucla.edu"", ""financialaid.ucla.edu"", ""grad.ucla.edu"", ""www.registrar.ucla.edu"", ""www.ucla.edu""]","[""PROGRAM_CATALOG""]","{""BODY_EVIDENCE"": 1}",0,"Is catalog.registrar.ucla.edu controlled by, or officially authorised for, university of california, los angeles (ucla)?","[{""kind"": ""SUBMITTED_BY_CLIENT"", ""detail"": ""1 page(s) submitted on this host by the client workbook for university of california, los angeles (ucla)""}, {""kind"": ""HOST_MATCHES_INSTITUTION_TOKEN"", ""detail"": ""hostname contains ucla""}, {""kind"": ""PAGE_TITLE_NAMES_INSTITUTION"", ""detail"": ""1 of 1 stored title(s) name the institution, e.g. 'UCLA General Catalog'""}, {""kind"": ""SIBLING_OF_SUBMITTED_HOST"", ""detail"": ""shares the registrable domain ucla.edu with admission.ucla.edu, financialaid.ucla.edu, grad.ucla.edu, www.registrar.ucla.edu, www.ucla.edu. A relationship to check, not a reason to inherit trust""}, {""kind"": ""PAGE_EVIDENCE_AVAILABLE"", ""detail"": ""1 page(s) have a stored body a reviewer can read. Evidence availability, not officialness""}]","[""HTTP 200 on any page"", ""the top-level domain"", ""0 extracted candidates""]"
"university of california, los angeles (ucla)",financialaid.ucla.edu,ucla.edu,NEEDS_REVIEW,VERIFIED_OFFICIAL,NONE (official_domain has no row for this host),1,False,"[""admission.ucla.edu"", ""catalog.registrar.ucla.edu"", ""grad.ucla.edu"", ""www.registrar.ucla.edu"", ""www.ucla.edu""]","[""TUITION_FEES""]","{""DEAD_NOT_FOUND"": 1}",0,"Is financialaid.ucla.edu controlled by, or officially authorised for, university of california, los angeles (ucla)?","[{""kind"": ""SUBMITTED_BY_CLIENT"", ""detail"": ""1 page(s) submitted on this host by the client workbook for university of california, los angeles (ucla)""}, {""kind"": ""HOST_MATCHES_INSTITUTION_TOKEN"", ""detail"": ""hostname contains ucla""}, {""kind"": ""SIBLING_OF_SUBMITTED_HOST"", ""detail"": ""shares the registrable domain ucla.edu with admission.ucla.edu, catalog.registrar.ucla.edu, grad.ucla.edu, www.registrar.ucla.edu, www.ucla.edu. A relationship to check, not a reason to inherit trust""}]","[""HTTP 200 on any page"", ""the top-level domain"", ""0 extracted candidates""]"
"university of california, los angeles (ucla)",grad.ucla.edu,ucla.edu,NEEDS_REVIEW,VERIFIED_OFFICIAL,NONE (official_domain has no row for this host),2,False,"[""admission.ucla.edu"", ""catalog.registrar.ucla.edu"", ""financialaid.ucla.edu"", ""www.registrar.ucla.edu"", ""www.ucla.edu""]","[""LANGUAGE_REQUIREMENTS"", ""POSTGRADUATE_ADMISSIONS""]","{""BODY_EVIDENCE"": 2}",7,"Is grad.ucla.edu controlled by, or officially authorised for, university of california, los angeles (ucla)?","[{""kind"": ""SUBMITTED_BY_CLIENT"", ""detail"": ""2 page(s) submitted on this host by the client workbook for university of california, los angeles (ucla)""}, {""kind"": ""HOST_MATCHES_INSTITUTION_TOKEN"", ""detail"": ""hostname contains ucla""}, {""kind"": ""PAGE_TITLE_NAMES_INSTITUTION"", ""detail"": ""1 of 2 stored title(s) name the institution, e.g. 'Graduate Admissions at the University of California Los Angeles | UCLA Graduate Programs'""}, {""kind"": ""SIBLING_OF_SUBMITTED_HOST"", ""detail"": ""shares the registrable domain ucla.edu with admission.ucla.edu, catalog.registrar.ucla.edu, financialaid.ucla.edu, www.registrar.ucla.edu, www.ucla.edu. A relationship to check, not a reason to inherit trust""}, {""kind"": ""PAGE_EVIDENCE_AVAILABLE"", ""detail"": ""2 page(s) have a stored body a reviewer can read. Evidence availability, not officialness""}]","[""HTTP 200 on any page"", ""the top-level domain"", ""7 extracted candidates""]"
"university of california, los angeles (ucla)",www.registrar.ucla.edu,ucla.edu,NEEDS_REVIEW,VERIFIED_OFFICIAL,NONE (official_domain has no row for this host),1,False,"[""admission.ucla.edu"", ""catalog.registrar.ucla.edu"", ""financialaid.ucla.edu"", ""grad.ucla.edu"", ""www.ucla.edu""]","[""ACADEMIC_CALENDAR""]","{""BODY_EVIDENCE"": 1}",0,"Is www.registrar.ucla.edu controlled by, or officially authorised for, university of california, los angeles (ucla)?","[{""kind"": ""SUBMITTED_BY_CLIENT"", ""detail"": ""1 page(s) submitted on this host by the client workbook for university of california, los angeles (ucla)""}, {""kind"": ""HOST_MATCHES_INSTITUTION_TOKEN"", ""detail"": ""hostname contains ucla""}, {""kind"": ""SIBLING_OF_SUBMITTED_HOST"", ""detail"": ""shares the registrable domain ucla.edu with admission.ucla.edu, catalog.registrar.ucla.edu, financialaid.ucla.edu, grad.ucla.edu, www.ucla.edu. A relationship to check, not a reason to inherit trust""}, {""kind"": ""PAGE_EVIDENCE_AVAILABLE"", ""detail"": ""1 page(s) have a stored body a reviewer can read. Evidence availability, not officialness""}]","[""HTTP 200 on any page"", ""the top-level domain"", ""0 extracted candidates""]"
"university of california, los angeles (ucla)",www.ucla.edu,ucla.edu,NEEDS_REVIEW,VERIFIED_OFFICIAL,NONE (official_domain has no row for this host),1,False,"[""admission.ucla.edu"", ""catalog.registrar.ucla.edu"", ""financialaid.ucla.edu"", ""grad.ucla.edu"", ""www.registrar.ucla.edu""]","[""UNIVERSITY_HOME""]","{""BODY_EVIDENCE"": 1}",0,"Is www.ucla.edu controlled by, or officially authorised for, university of california, los angeles (ucla)?","[{""kind"": ""SUBMITTED_BY_CLIENT"", ""detail"": ""1 page(s) submitted on this host by the client workbook for university of california, los angeles (ucla)""}, {""kind"": ""HOST_MATCHES_INSTITUTION_TOKEN"", ""detail"": ""hostname contains ucla""}, {""kind"": ""PAGE_TITLE_NAMES_INSTITUTION"", ""detail"": ""1 of 1 stored title(s) name the institution, e.g. 'A World Leader in Education and Research Excellence | UCLA'""}, {""kind"": ""SIBLING_OF_SUBMITTED_HOST"", ""detail"": ""shares the registrable domain ucla.edu with admission.ucla.edu, catalog.registrar.ucla.edu, financialaid.ucla.edu, grad.ucla.edu, www.registrar.ucla.edu. A relationship to check, not a reason to inherit trust""}, {""kind"": ""PAGE_EVIDENCE_AVAILABLE"", ""detail"": ""1 page(s) have a stored body a reviewer can read. Evidence availability, not officialness""}]","[""HTTP 200 on any page"", ""the top-level domain"", ""0 extracted candidates""]"
university of cambridge,www.cam.ac.uk,cam.ac.uk,NEEDS_REVIEW,VERIFIED_OFFICIAL,NONE (official_domain has no row for this host),2,False,"[""www.postgraduate.study.cam.ac.uk"", ""www.undergraduate.study.cam.ac.uk""]","[""ACADEMIC_CALENDAR"", ""UNIVERSITY_HOME""]","{""BODY_EVIDENCE"": 2}",2,"Is www.cam.ac.uk controlled by, or officially authorised for, university of cambridge?","[{""kind"": ""SUBMITTED_BY_CLIENT"", ""detail"": ""2 page(s) submitted on this host by the client workbook for university of cambridge""}, {""kind"": ""PAGE_TITLE_NAMES_INSTITUTION"", ""detail"": ""2 of 2 stored title(s) name the institution, e.g. 'Term dates | University of Cambridge'""}, {""kind"": ""SIBLING_OF_SUBMITTED_HOST"", ""detail"": ""shares the registrable domain cam.ac.uk with www.postgraduate.study.cam.ac.uk, www.undergraduate.study.cam.ac.uk. A relationship to check, not a reason to inherit trust""}, {""kind"": ""PAGE_EVIDENCE_AVAILABLE"", ""detail"": ""2 page(s) have a stored body a reviewer can read. Evidence availability, not officialness""}]","[""HTTP 200 on any page"", ""the top-level domain"", ""2 extracted candidates""]"
university of cambridge,www.postgraduate.study.cam.ac.uk,cam.ac.uk,NEEDS_REVIEW,VERIFIED_OFFICIAL,NONE (official_domain has no row for this host),4,False,"[""www.cam.ac.uk"", ""www.undergraduate.study.cam.ac.uk""]","[""LANGUAGE_REQUIREMENTS"", ""PHD_ADMISSIONS"", ""POSTGRADUATE_ADMISSIONS"", ""TUITION_FEES""]","{""BODY_EVIDENCE"": 3, ""DEAD_NOT_FOUND"": 1}",4,"Is www.postgraduate.study.cam.ac.uk controlled by, or officially authorised for, university of cambridge?","[{""kind"": ""SUBMITTED_BY_CLIENT"", ""detail"": ""4 page(s) submitted on this host by the client workbook for university of cambridge""}, {""kind"": ""PAGE_TITLE_NAMES_INSTITUTION"", ""detail"": ""1 of 3 stored title(s) name the institution, e.g. 'Applying for postgraduate courses at Cambridge | Postgraduate Study'""}, {""kind"": ""SIBLING_OF_SUBMITTED_HOST"", ""detail"": ""shares the registrable domain cam.ac.uk with www.cam.ac.uk, www.undergraduate.study.cam.ac.uk. A relationship to check, not a reason to inherit trust""}, {""kind"": ""PAGE_EVIDENCE_AVAILABLE"", ""detail"": ""3 page(s) have a stored body a reviewer can read. Evidence availability, not officialness""}]","[""HTTP 200 on any page"", ""the top-level domain"", ""4 extracted candidates""]"
university of cambridge,www.undergraduate.study.cam.ac.uk,cam.ac.uk,NEEDS_REVIEW,VERIFIED_OFFICIAL,NONE (official_domain has no row for this host),4,False,"[""www.cam.ac.uk"", ""www.postgraduate.study.cam.ac.uk""]","[""APPLICATION_DEADLINES"", ""ENTRY_REQUIREMENTS"", ""PROGRAM_CATALOG"", ""UNDERGRADUATE_ADMISSIONS""]","{""BODY_EVIDENCE"": 2, ""DEAD_NOT_FOUND"": 2}",4,"Is www.undergraduate.study.cam.ac.uk controlled by, or officially authorised for, university of cambridge?","[{""kind"": ""SUBMITTED_BY_CLIENT"", ""detail"": ""4 page(s) submitted on this host by the client workbook for university of cambridge""}, {""kind"": ""PAGE_TITLE_NAMES_INSTITUTION"", ""detail"": ""1 of 2 stored title(s) name the institution, e.g. 'Applying to Cambridge | Undergraduate Study'""}, {""kind"": ""SIBLING_OF_SUBMITTED_HOST"", ""detail"": ""shares the registrable domain cam.ac.uk with www.cam.ac.uk, www.postgraduate.study.cam.ac.uk. A relationship to check, not a reason to inherit trust""}, {""kind"": ""PAGE_EVIDENCE_AVAILABLE"", ""detail"": ""2 page(s) have a stored body a reviewer can read. Evidence availability, not officialness""}]","[""HTTP 200 on any page"", ""the top-level domain"", ""4 extracted candidates""]"
university of chicago,academic-calendar.uchicago.edu,uchicago.edu,NEEDS_REVIEW,VERIFIED_OFFICIAL,NONE (official_domain has no row for this host),1,False,"[""catalog.uchicago.edu"", ""collegeadmissions.uchicago.edu"", ""grad.uchicago.edu"", ""www.uchicago.edu""]","[""ACADEMIC_CALENDAR""]","{""BLOCKED"": 1}",0,"Is academic-calendar.uchicago.edu controlled by, or officially authorised for, university of chicago?","[{""kind"": ""SUBMITTED_BY_CLIENT"", ""detail"": ""1 page(s) submitted on this host by the client workbook for university of chicago""}, {""kind"": ""HOST_MATCHES_INSTITUTION_TOKEN"", ""detail"": ""hostname contains chicago""}, {""kind"": ""SIBLING_OF_SUBMITTED_HOST"", ""detail"": ""shares the registrable domain uchicago.edu with catalog.uchicago.edu, collegeadmissions.uchicago.edu, grad.uchicago.edu, www.uchicago.edu. A relationship to check, not a reason to inherit trust""}, {""kind"": ""ACCESS_BLOCKED"", ""detail"": ""1 page(s) refused automated access. Section 8: this is not evidence the domain is unofficial""}]","[""HTTP 200 on any page"", ""the top-level domain"", ""0 extracted candidates""]"
university of chicago,catalog.uchicago.edu,uchicago.edu,NEEDS_REVIEW,VERIFIED_OFFICIAL,NONE (official_domain has no row for this host),1,False,"[""academic-calendar.uchicago.edu"", ""collegeadmissions.uchicago.edu"", ""grad.uchicago.edu"", ""www.uchicago.edu""]","[""PROGRAM_CATALOG""]","{""BODY_EVIDENCE"": 1}",8,"Is catalog.uchicago.edu controlled by, or officially authorised for, university of chicago?","[{""kind"": ""SUBMITTED_BY_CLIENT"", ""detail"": ""1 page(s) submitted on this host by the client workbook for university of chicago""}, {""kind"": ""HOST_MATCHES_INSTITUTION_TOKEN"", ""detail"": ""hostname contains chicago""}, {""kind"": ""SIBLING_OF_SUBMITTED_HOST"", ""detail"": ""shares the registrable domain uchicago.edu with academic-calendar.uchicago.edu, collegeadmissions.uchicago.edu, grad.uchicago.edu, www.uchicago.edu. A relationship to check, not a reason to inherit trust""}, {""kind"": ""PAGE_EVIDENCE_AVAILABLE"", ""detail"": ""1 page(s) have a stored body a reviewer can read. Evidence availability, not officialness""}]","[""HTTP 200 on any page"", ""the top-level domain"", ""8 extracted candidates""]"
university of chicago,collegeadmissions.uchicago.edu,uchicago.edu,NEEDS_REVIEW,VERIFIED_OFFICIAL,NONE (official_domain has no row for this host),3,False,"[""academic-calendar.uchicago.edu"", ""catalog.uchicago.edu"", ""grad.uchicago.edu"", ""www.uchicago.edu""]","[""ENTRY_REQUIREMENTS"", ""TUITION_FEES"", ""UNDERGRADUATE_ADMISSIONS""]","{""BODY_EVIDENCE"": 3}",0,"Is collegeadmissions.uchicago.edu controlled by, or officially authorised for, university of chicago?","[{""kind"": ""SUBMITTED_BY_CLIENT"", ""detail"": ""3 page(s) submitted on this host by the client workbook for university of chicago""}, {""kind"": ""HOST_MATCHES_INSTITUTION_TOKEN"", ""detail"": ""hostname contains chicago""}, {""kind"": ""SIBLING_OF_SUBMITTED_HOST"", ""detail"": ""shares the registrable domain uchicago.edu with academic-calendar.uchicago.edu, catalog.uchicago.edu, grad.uchicago.edu, www.uchicago.edu. A relationship to check, not a reason to inherit trust""}, {""kind"": ""PAGE_EVIDENCE_AVAILABLE"", ""detail"": ""3 page(s) have a stored body a reviewer can read. Evidence availability, not officialness""}]","[""HTTP 200 on any page"", ""the top-level domain"", ""0 extracted candidates""]"
university of chicago,grad.uchicago.edu,uchicago.edu,NEEDS_REVIEW,VERIFIED_OFFICIAL,NONE (official_domain has no row for this host),2,False,"[""academic-calendar.uchicago.edu"", ""catalog.uchicago.edu"", ""collegeadmissions.uchicago.edu"", ""www.uchicago.edu""]","[""LANGUAGE_REQUIREMENTS"", ""POSTGRADUATE_ADMISSIONS""]","{""BODY_EVIDENCE"": 1, ""DEAD_NOT_FOUND"": 1}",25,"Is grad.uchicago.edu controlled by, or officially authorised for, university of chicago?","[{""kind"": ""SUBMITTED_BY_CLIENT"", ""detail"": ""2 page(s) submitted on this host by the client workbook for university of chicago""}, {""kind"": ""HOST_MATCHES_INSTITUTION_TOKEN"", ""detail"": ""hostname contains chicago""}, {""kind"": ""PAGE_TITLE_NAMES_INSTITUTION"", ""detail"": ""1 of 1 stored title(s) name the institution, e.g. 'Admissions - UChicagoGRAD | The University of Chicago'""}, {""kind"": ""SIBLING_OF_SUBMITTED_HOST"", ""detail"": ""shares the registrable domain uchicago.edu with academic-calendar.uchicago.edu, catalog.uchicago.edu, collegeadmissions.uchicago.edu, www.uchicago.edu. A relationship to check, not a reason to inherit trust""}, {""kind"": ""PAGE_EVIDENCE_AVAILABLE"", ""detail"": ""1 page(s) have a stored body a reviewer can read. Evidence availability, not officialness""}]","[""HTTP 200 on any page"", ""the top-level domain"", ""25 extracted candidates""]"
university of chicago,www.uchicago.edu,uchicago.edu,NEEDS_REVIEW,VERIFIED_OFFICIAL,NONE (official_domain has no row for this host),1,False,"[""academic-calendar.uchicago.edu"", ""catalog.uchicago.edu"", ""collegeadmissions.uchicago.edu"", ""grad.uchicago.edu""]","[""UNIVERSITY_HOME""]","{""BLOCKED"": 1}",0,"Is www.uchicago.edu controlled by, or officially authorised for, university of chicago?","[{""kind"": ""SUBMITTED_BY_CLIENT"", ""detail"": ""1 page(s) submitted on this host by the client workbook for university of chicago""}, {""kind"": ""HOST_MATCHES_INSTITUTION_TOKEN"", ""detail"": ""hostname contains chicago""}, {""kind"": ""SIBLING_OF_SUBMITTED_HOST"", ""detail"": ""shares the registrable domain uchicago.edu with academic-calendar.uchicago.edu, catalog.uchicago.edu, collegeadmissions.uchicago.edu, grad.uchicago.edu. A relationship to check, not a reason to inherit trust""}, {""kind"": ""ACCESS_BLOCKED"", ""detail"": ""1 page(s) refused automated access. Section 8: this is not evidence the domain is unofficial""}]","[""HTTP 200 on any page"", ""the top-level domain"", ""0 extracted candidates""]"
university of oxford,www.ox.ac.uk,ox.ac.uk,NEEDS_REVIEW,VERIFIED_OFFICIAL,NONE (official_domain has no row for this host),9,False,[],"[""ACADEMIC_CALENDAR"", ""APPLICATION_DEADLINES"", ""ENTRY_REQUIREMENTS"", ""LANGUAGE_REQUIREMENTS"", ""POSTGRADUATE_ADMISSIONS"", ""PROGRAM_CATALOG"", ""TUITION_FEES"", ""UNDERGRADUATE_ADMISSIONS"", ""UNIVERSITY_HOME""]","{""BLOCKED"": 9}",0,"Is www.ox.ac.uk controlled by, or officially authorised for, university of oxford?","[{""kind"": ""SUBMITTED_BY_CLIENT"", ""detail"": ""9 page(s) submitted on this host by the client workbook for university of oxford""}, {""kind"": ""ACCESS_BLOCKED"", ""detail"": ""9 page(s) refused automated access. Section 8: this is not evidence the domain is unofficial""}]","[""HTTP 200 on any page"", ""the top-level domain"", ""0 extracted candidates""]"
university of pennsylvania,admissions.upenn.edu,upenn.edu,NEEDS_REVIEW,VERIFIED_OFFICIAL,NONE (official_domain has no row for this host),4,False,"[""almanac.upenn.edu"", ""catalog.upenn.edu"", ""srfs.upenn.edu"", ""www.gsas.upenn.edu"", ""www.upenn.edu""]","[""APPLICATION_DEADLINES"", ""ENTRY_REQUIREMENTS"", ""LANGUAGE_REQUIREMENTS"", ""UNDERGRADUATE_ADMISSIONS""]","{""BODY_EVIDENCE"": 2, ""DEAD_NOT_FOUND"": 2}",0,"Is admissions.upenn.edu controlled by, or officially authorised for, university of pennsylvania?","[{""kind"": ""SUBMITTED_BY_CLIENT"", ""detail"": ""4 page(s) submitted on this host by the client workbook for university of pennsylvania""}, {""kind"": ""SIBLING_OF_SUBMITTED_HOST"", ""detail"": ""shares the registrable domain upenn.edu with almanac.upenn.edu, catalog.upenn.edu, srfs.upenn.edu, www.gsas.upenn.edu, www.upenn.edu. A relationship to check, not a reason to inherit trust""}, {""kind"": ""PAGE_EVIDENCE_AVAILABLE"", ""detail"": ""2 page(s) have a stored body a reviewer can read. Evidence availability, not officialness""}]","[""HTTP 200 on any page"", ""the top-level domain"", ""0 extracted candidates""]"
university of pennsylvania,almanac.upenn.edu,upenn.edu,NEEDS_REVIEW,VERIFIED_OFFICIAL,NONE (official_domain has no row for this host),1,False,"[""admissions.upenn.edu"", ""catalog.upenn.edu"", ""srfs.upenn.edu"", ""www.gsas.upenn.edu"", ""www.upenn.edu""]","[""ACADEMIC_CALENDAR""]","{""BODY_EVIDENCE"": 1}",0,"Is almanac.upenn.edu controlled by, or officially authorised for, university of pennsylvania?","[{""kind"": ""SUBMITTED_BY_CLIENT"", ""detail"": ""1 page(s) submitted on this host by the client workbook for university of pennsylvania""}, {""kind"": ""PAGE_TITLE_NAMES_INSTITUTION"", ""detail"": ""1 of 1 stored title(s) name the institution, e.g. 'University of Pennsylvania Academic Calendar | University of Pennsylvania Almanac'""}, {""kind"": ""SIBLING_OF_SUBMITTED_HOST"", ""detail"": ""shares the registrable domain upenn.edu with admissions.upenn.edu, catalog.upenn.edu, srfs.upenn.edu, www.gsas.upenn.edu, www.upenn.edu. A relationship to check, not a reason to inherit trust""}, {""kind"": ""PAGE_EVIDENCE_AVAILABLE"", ""detail"": ""1 page(s) have a stored body a reviewer can read. Evidence availability, not officialness""}]","[""HTTP 200 on any page"", ""the top-level domain"", ""0 extracted candidates""]"
university of pennsylvania,catalog.upenn.edu,upenn.edu,NEEDS_REVIEW,VERIFIED_OFFICIAL,NONE (official_domain has no row for this host),1,False,"[""admissions.upenn.edu"", ""almanac.upenn.edu"", ""srfs.upenn.edu"", ""www.gsas.upenn.edu"", ""www.upenn.edu""]","[""PROGRAM_CATALOG""]","{""OTHER_HTTP"": 1}",0,"Is catalog.upenn.edu controlled by, or officially authorised for, university of pennsylvania?","[{""kind"": ""SUBMITTED_BY_CLIENT"", ""detail"": ""1 page(s) submitted on this host by the client workbook for university of pennsylvania""}, {""kind"": ""SIBLING_OF_SUBMITTED_HOST"", ""detail"": ""shares the registrable domain upenn.edu with admissions.upenn.edu, almanac.upenn.edu, srfs.upenn.edu, www.gsas.upenn.edu, www.upenn.edu. A relationship to check, not a reason to inherit trust""}]","[""HTTP 200 on any page"", ""the top-level domain"", ""0 extracted candidates""]"
university of pennsylvania,srfs.upenn.edu,upenn.edu,NEEDS_REVIEW,VERIFIED_OFFICIAL,NONE (official_domain has no row for this host),1,False,"[""admissions.upenn.edu"", ""almanac.upenn.edu"", ""catalog.upenn.edu"", ""www.gsas.upenn.edu"", ""www.upenn.edu""]","[""TUITION_FEES""]","{""DEAD_NOT_FOUND"": 1}",0,"Is srfs.upenn.edu controlled by, or officially authorised for, university of pennsylvania?","[{""kind"": ""SUBMITTED_BY_CLIENT"", ""detail"": ""1 page(s) submitted on this host by the client workbook for university of pennsylvania""}, {""kind"": ""SIBLING_OF_SUBMITTED_HOST"", ""detail"": ""shares the registrable domain upenn.edu with admissions.upenn.edu, almanac.upenn.edu, catalog.upenn.edu, www.gsas.upenn.edu, www.upenn.edu. A relationship to check, not a reason to inherit trust""}]","[""HTTP 200 on any page"", ""the top-level domain"", ""0 extracted candidates""]"
university of pennsylvania,www.gsas.upenn.edu,upenn.edu,NEEDS_REVIEW,VERIFIED_OFFICIAL,NONE (official_domain has no row for this host),1,False,"[""admissions.upenn.edu"", ""almanac.upenn.edu"", ""catalog.upenn.edu"", ""srfs.upenn.edu"", ""www.upenn.edu""]","[""POSTGRADUATE_ADMISSIONS""]","{""DEAD_HOST"": 1}",0,"Is www.gsas.upenn.edu controlled by, or officially authorised for, university of pennsylvania?","[{""kind"": ""SUBMITTED_BY_CLIENT"", ""detail"": ""1 page(s) submitted on this host by the client workbook for university of pennsylvania""}, {""kind"": ""SIBLING_OF_SUBMITTED_HOST"", ""detail"": ""shares the registrable domain upenn.edu with admissions.upenn.edu, almanac.upenn.edu, catalog.upenn.edu, srfs.upenn.edu, www.upenn.edu. A relationship to check, not a reason to inherit trust""}]","[""HTTP 200 on any page"", ""the top-level domain"", ""0 extracted candidates""]"
university of pennsylvania,www.upenn.edu,upenn.edu,NEEDS_REVIEW,VERIFIED_OFFICIAL,NONE (official_domain has no row for this host),1,False,"[""admissions.upenn.edu"", ""almanac.upenn.edu"", ""catalog.upenn.edu"", ""srfs.upenn.edu"", ""www.gsas.upenn.edu""]","[""UNIVERSITY_HOME""]","{""BODY_EVIDENCE"": 1}",0,"Is www.upenn.edu controlled by, or officially authorised for, university of pennsylvania?","[{""kind"": ""SUBMITTED_BY_CLIENT"", ""detail"": ""1 page(s) submitted on this host by the client workbook for university of pennsylvania""}, {""kind"": ""PAGE_TITLE_NAMES_INSTITUTION"", ""detail"": ""1 of 1 stored title(s) name the institution, e.g. 'University of Pennsylvania'""}, {""kind"": ""SIBLING_OF_SUBMITTED_HOST"", ""detail"": ""shares the registrable domain upenn.edu with admissions.upenn.edu, almanac.upenn.edu, catalog.upenn.edu, srfs.upenn.edu, www.gsas.upenn.edu. A relationship to check, not a reason to inherit trust""}, {""kind"": ""PAGE_EVIDENCE_AVAILABLE"", ""detail"": ""1 page(s) have a stored body a reviewer can read. Evidence availability, not officialness""}]","[""HTTP 200 on any page"", ""the top-level domain"", ""0 extracted candidates""]"
university of toronto,artsci.calendar.utoronto.ca,utoronto.ca,NEEDS_REVIEW,VERIFIED_OFFICIAL,NONE (official_domain has no row for this host),1,False,"[""future.utoronto.ca"", ""www.sgs.utoronto.ca"", ""www.utoronto.ca""]","[""PROGRAM_CATALOG""]","{""BODY_EVIDENCE"": 1}",0,"Is artsci.calendar.utoronto.ca controlled by, or officially authorised for, university of toronto?","[{""kind"": ""SUBMITTED_BY_CLIENT"", ""detail"": ""1 page(s) submitted on this host by the client workbook for university of toronto""}, {""kind"": ""HOST_MATCHES_INSTITUTION_TOKEN"", ""detail"": ""hostname contains toronto""}, {""kind"": ""SIBLING_OF_SUBMITTED_HOST"", ""detail"": ""shares the registrable domain utoronto.ca with future.utoronto.ca, www.sgs.utoronto.ca, www.utoronto.ca. A relationship to check, not a reason to inherit trust""}, {""kind"": ""PAGE_EVIDENCE_AVAILABLE"", ""detail"": ""1 page(s) have a stored body a reviewer can read. Evidence availability, not officialness""}]","[""HTTP 200 on any page"", ""the top-level domain"", ""0 extracted candidates""]"
university of toronto,future.utoronto.ca,utoronto.ca,NEEDS_REVIEW,VERIFIED_OFFICIAL,NONE (official_domain has no row for this host),4,False,"[""artsci.calendar.utoronto.ca"", ""www.sgs.utoronto.ca"", ""www.utoronto.ca""]","[""APPLICATION_DEADLINES"", ""ENTRY_REQUIREMENTS"", ""TUITION_FEES"", ""UNDERGRADUATE_ADMISSIONS""]","{""BODY_EVIDENCE"": 3, ""DEAD_NOT_FOUND"": 1}",12,"Is future.utoronto.ca controlled by, or officially authorised for, university of toronto?","[{""kind"": ""SUBMITTED_BY_CLIENT"", ""detail"": ""4 page(s) submitted on this host by the client workbook for university of toronto""}, {""kind"": ""HOST_MATCHES_INSTITUTION_TOKEN"", ""detail"": ""hostname contains toronto""}, {""kind"": ""PAGE_TITLE_NAMES_INSTITUTION"", ""detail"": ""3 of 3 stored title(s) name the institution, e.g. 'Applying | Future Students. University of Toronto'""}, {""kind"": ""SIBLING_OF_SUBMITTED_HOST"", ""detail"": ""shares the registrable domain utoronto.ca with artsci.calendar.utoronto.ca, www.sgs.utoronto.ca, www.utoronto.ca. A relationship to check, not a reason to inherit trust""}, {""kind"": ""PAGE_EVIDENCE_AVAILABLE"", ""detail"": ""3 page(s) have a stored body a reviewer can read. Evidence availability, not officialness""}]","[""HTTP 200 on any page"", ""the top-level domain"", ""12 extracted candidates""]"
university of toronto,www.sgs.utoronto.ca,utoronto.ca,NEEDS_REVIEW,VERIFIED_OFFICIAL,NONE (official_domain has no row for this host),2,False,"[""artsci.calendar.utoronto.ca"", ""future.utoronto.ca"", ""www.utoronto.ca""]","[""LANGUAGE_REQUIREMENTS"", ""POSTGRADUATE_ADMISSIONS""]","{""BODY_EVIDENCE"": 2}",36,"Is www.sgs.utoronto.ca controlled by, or officially authorised for, university of toronto?","[{""kind"": ""SUBMITTED_BY_CLIENT"", ""detail"": ""2 page(s) submitted on this host by the client workbook for university of toronto""}, {""kind"": ""HOST_MATCHES_INSTITUTION_TOKEN"", ""detail"": ""hostname contains toronto""}, {""kind"": ""SIBLING_OF_SUBMITTED_HOST"", ""detail"": ""shares the registrable domain utoronto.ca with artsci.calendar.utoronto.ca, future.utoronto.ca, www.utoronto.ca. A relationship to check, not a reason to inherit trust""}, {""kind"": ""PAGE_EVIDENCE_AVAILABLE"", ""detail"": ""2 page(s) have a stored body a reviewer can read. Evidence availability, not officialness""}]","[""HTTP 200 on any page"", ""the top-level domain"", ""36 extracted candidates""]"
university of toronto,www.utoronto.ca,utoronto.ca,NEEDS_REVIEW,VERIFIED_OFFICIAL,NONE (official_domain has no row for this host),2,False,"[""artsci.calendar.utoronto.ca"", ""future.utoronto.ca"", ""www.sgs.utoronto.ca""]","[""ACADEMIC_CALENDAR"", ""UNIVERSITY_HOME""]","{""BLOCKED"": 2}",0,"Is www.utoronto.ca controlled by, or officially authorised for, university of toronto?","[{""kind"": ""SUBMITTED_BY_CLIENT"", ""detail"": ""2 page(s) submitted on this host by the client workbook for university of toronto""}, {""kind"": ""HOST_MATCHES_INSTITUTION_TOKEN"", ""detail"": ""hostname contains toronto""}, {""kind"": ""SIBLING_OF_SUBMITTED_HOST"", ""detail"": ""shares the registrable domain utoronto.ca with artsci.calendar.utoronto.ca, future.utoronto.ca, www.sgs.utoronto.ca. A relationship to check, not a reason to inherit trust""}, {""kind"": ""ACCESS_BLOCKED"", ""detail"": ""2 page(s) refused automated access. Section 8: this is not evidence the domain is unofficial""}]","[""HTTP 200 on any page"", ""the top-level domain"", ""0 extracted candidates""]"
yale university,admissions.yale.edu,yale.edu,NEEDS_REVIEW,VERIFIED_OFFICIAL,NONE (official_domain has no row for this host),3,False,"[""catalog.yale.edu"", ""gsas.yale.edu"", ""www.yale.edu""]","[""ENTRY_REQUIREMENTS"", ""TUITION_FEES"", ""UNDERGRADUATE_ADMISSIONS""]","{""BODY_EVIDENCE"": 2, ""DEAD_NOT_FOUND"": 1}",15,"Is admissions.yale.edu controlled by, or officially authorised for, yale university?","[{""kind"": ""SUBMITTED_BY_CLIENT"", ""detail"": ""3 page(s) submitted on this host by the client workbook for yale university""}, {""kind"": ""HOST_MATCHES_INSTITUTION_TOKEN"", ""detail"": ""hostname contains yale""}, {""kind"": ""PAGE_TITLE_NAMES_INSTITUTION"", ""detail"": ""1 of 2 stored title(s) name the institution, e.g. 'Apply to Yale as a First-Year Student | Undergraduate Admissions'""}, {""kind"": ""SIBLING_OF_SUBMITTED_HOST"", ""detail"": ""shares the registrable domain yale.edu with catalog.yale.edu, gsas.yale.edu, www.yale.edu. A relationship to check, not a reason to inherit trust""}, {""kind"": ""PAGE_EVIDENCE_AVAILABLE"", ""detail"": ""2 page(s) have a stored body a reviewer can read. Evidence availability, not officialness""}]","[""HTTP 200 on any page"", ""the top-level domain"", ""15 extracted candidates""]"
yale university,catalog.yale.edu,yale.edu,NEEDS_REVIEW,VERIFIED_OFFICIAL,NONE (official_domain has no row for this host),2,False,"[""admissions.yale.edu"", ""gsas.yale.edu"", ""www.yale.edu""]","[""ACADEMIC_CALENDAR"", ""PROGRAM_CATALOG""]","{""BODY_EVIDENCE"": 1, ""DEAD_NOT_FOUND"": 1}",0,"Is catalog.yale.edu controlled by, or officially authorised for, yale university?","[{""kind"": ""SUBMITTED_BY_CLIENT"", ""detail"": ""2 page(s) submitted on this host by the client workbook for yale university""}, {""kind"": ""HOST_MATCHES_INSTITUTION_TOKEN"", ""detail"": ""hostname contains yale""}, {""kind"": ""PAGE_TITLE_NAMES_INSTITUTION"", ""detail"": ""1 of 1 stored title(s) name the institution, e.g. 'Yale University Publications < Yale University'""}, {""kind"": ""SIBLING_OF_SUBMITTED_HOST"", ""detail"": ""shares the registrable domain yale.edu with admissions.yale.edu, gsas.yale.edu, www.yale.edu. A relationship to check, not a reason to inherit trust""}, {""kind"": ""PAGE_EVIDENCE_AVAILABLE"", ""detail"": ""1 page(s) have a stored body a reviewer can read. Evidence availability, not officialness""}]","[""HTTP 200 on any page"", ""the top-level domain"", ""0 extracted candidates""]"
yale university,gsas.yale.edu,yale.edu,NEEDS_REVIEW,VERIFIED_OFFICIAL,NONE (official_domain has no row for this host),2,False,"[""admissions.yale.edu"", ""catalog.yale.edu"", ""www.yale.edu""]","[""LANGUAGE_REQUIREMENTS"", ""POSTGRADUATE_ADMISSIONS""]","{""BODY_EVIDENCE"": 2}",24,"Is gsas.yale.edu controlled by, or officially authorised for, yale university?","[{""kind"": ""SUBMITTED_BY_CLIENT"", ""detail"": ""2 page(s) submitted on this host by the client workbook for yale university""}, {""kind"": ""HOST_MATCHES_INSTITUTION_TOKEN"", ""detail"": ""hostname contains yale""}, {""kind"": ""PAGE_TITLE_NAMES_INSTITUTION"", ""detail"": ""2 of 2 stored title(s) name the institution, e.g. 'Admissions | Yale Graduate School of Arts and Sciences'""}, {""kind"": ""SIBLING_OF_SUBMITTED_HOST"", ""detail"": ""shares the registrable domain yale.edu with admissions.yale.edu, catalog.yale.edu, www.yale.edu. A relationship to check, not a reason to inherit trust""}, {""kind"": ""PAGE_EVIDENCE_AVAILABLE"", ""detail"": ""2 page(s) have a stored body a reviewer can read. Evidence availability, not officialness""}]","[""HTTP 200 on any page"", ""the top-level domain"", ""24 extracted candidates""]"
yale university,www.yale.edu,yale.edu,NEEDS_REVIEW,VERIFIED_OFFICIAL,NONE (official_domain has no row for this host),1,False,"[""admissions.yale.edu"", ""catalog.yale.edu"", ""gsas.yale.edu""]","[""UNIVERSITY_HOME""]","{""BODY_EVIDENCE"": 1}",0,"Is www.yale.edu controlled by, or officially authorised for, yale university?","[{""kind"": ""SUBMITTED_BY_CLIENT"", ""detail"": ""1 page(s) submitted on this host by the client workbook for yale university""}, {""kind"": ""HOST_MATCHES_INSTITUTION_TOKEN"", ""detail"": ""hostname contains yale""}, {""kind"": ""PAGE_TITLE_NAMES_INSTITUTION"", ""detail"": ""1 of 1 stored title(s) name the institution, e.g. 'Yale University'""}, {""kind"": ""SIBLING_OF_SUBMITTED_HOST"", ""detail"": ""shares the registrable domain yale.edu with admissions.yale.edu, catalog.yale.edu, gsas.yale.edu. A relationship to check, not a reason to inherit trust""}, {""kind"": ""PAGE_EVIDENCE_AVAILABLE"", ""detail"": ""1 page(s) have a stored body a reviewer can read. Evidence availability, not officialness""}]","[""HTTP 200 on any page"", ""the top-level domain"", ""0 extracted candidates""]"
university of british columbia,calendar.ubc.ca,ubc.ca,NEEDS_REVIEW,VERIFIED_OFFICIAL,NONE (official_domain has no row for this host),0,True,"[""www.calendar.ubc.ca""]","[""PROGRAM_CATALOG""]",{},0,"Is calendar.ubc.ca controlled by, or officially authorised for, university of british columbia? It was never submitted: it was reached by redirect from www.calendar.ubc.ca.","[{""kind"": ""REACHED_ONLY_BY_REDIRECT"", ""detail"": ""redirected to from www.calendar.ubc.ca. Section 19: a redirect is evidence to inspect, never authorisation. Trust does not travel between hosts, nor between subdomains of one domain""}, {""kind"": ""SAME_REGISTRABLE_DOMAIN"", ""detail"": ""ubc.ca -> ubc.ca""}]","[""the redirect itself"", ""HTTP 200 after redirecting""]"
the university of hong kong,portal.hku.hk,hku.hk,NEEDS_REVIEW,VERIFIED_OFFICIAL,NONE (official_domain has no row for this host),0,True,"[""admissions.hku.hk""]","[""POSTGRADUATE_ADMISSIONS""]",{},0,"Is portal.hku.hk controlled by, or officially authorised for, the university of hong kong? It was never submitted: it was reached by redirect from admissions.hku.hk.","[{""kind"": ""REACHED_ONLY_BY_REDIRECT"", ""detail"": ""redirected to from admissions.hku.hk. Section 19: a redirect is evidence to inspect, never authorisation. Trust does not travel between hosts, nor between subdomains of one domain""}, {""kind"": ""SAME_REGISTRABLE_DOMAIN"", ""detail"": ""hku.hk -> hku.hk""}]","[""the redirect itself"", ""HTTP 200 after redirecting""]"
university of chicago,registrar.uchicago.edu,uchicago.edu,NEEDS_REVIEW,VERIFIED_OFFICIAL,NONE (official_domain has no row for this host),0,True,"[""catalog.uchicago.edu""]","[""PROGRAM_CATALOG""]",{},0,"Is registrar.uchicago.edu controlled by, or officially authorised for, university of chicago? It was never submitted: it was reached by redirect from catalog.uchicago.edu.","[{""kind"": ""REACHED_ONLY_BY_REDIRECT"", ""detail"": ""redirected to from catalog.uchicago.edu. Section 19: a redirect is evidence to inspect, never authorisation. Trust does not travel between hosts, nor between subdomains of one domain""}, {""kind"": ""SAME_REGISTRABLE_DOMAIN"", ""detail"": ""uchicago.edu -> uchicago.edu""}]","[""the redirect itself"", ""HTTP 200 after redirecting""]"
"university of california, los angeles (ucla)",registrar.ucla.edu,ucla.edu,NEEDS_REVIEW,VERIFIED_OFFICIAL,NONE (official_domain has no row for this host),0,True,"[""www.registrar.ucla.edu""]","[""ACADEMIC_CALENDAR""]",{},0,"Is registrar.ucla.edu controlled by, or officially authorised for, university of california, los angeles (ucla)? It was never submitted: it was reached by redirect from www.registrar.ucla.edu.","[{""kind"": ""REACHED_ONLY_BY_REDIRECT"", ""detail"": ""redirected to from www.registrar.ucla.edu. Section 19: a redirect is evidence to inspect, never authorisation. Trust does not travel between hosts, nor between subdomains of one domain""}, {""kind"": ""SAME_REGISTRABLE_DOMAIN"", ""detail"": ""ucla.edu -> ucla.edu""}]","[""the redirect itself"", ""HTTP 200 after redirecting""]"
johns hopkins university,sfs.jhu.edu,jhu.edu,NEEDS_REVIEW,VERIFIED_OFFICIAL,NONE (official_domain has no row for this host),0,True,"[""finaid.jhu.edu""]","[""TUITION_FEES""]",{},0,"Is sfs.jhu.edu controlled by, or officially authorised for, johns hopkins university? It was never submitted: it was reached by redirect from finaid.jhu.edu.","[{""kind"": ""REACHED_ONLY_BY_REDIRECT"", ""detail"": ""redirected to from finaid.jhu.edu. Section 19: a redirect is evidence to inspect, never authorisation. Trust does not travel between hosts, nor between subdomains of one domain""}, {""kind"": ""SAME_REGISTRABLE_DOMAIN"", ""detail"": ""jhu.edu -> jhu.edu""}]","[""the redirect itself"", ""HTTP 200 after redirecting""]"
australian national university (anu),study.anu.edu.au,anu.edu.au,NEEDS_REVIEW,VERIFIED_OFFICIAL,NONE (official_domain has no row for this host),0,True,"[""www.anu.edu.au""]","[""APPLICATION_DEADLINES"", ""LANGUAGE_REQUIREMENTS"", ""UNDERGRADUATE_ADMISSIONS""]",{},0,"Is study.anu.edu.au controlled by, or officially authorised for, australian national university (anu)? It was never submitted: it was reached by redirect from www.anu.edu.au.","[{""kind"": ""REACHED_ONLY_BY_REDIRECT"", ""detail"": ""redirected to from www.anu.edu.au. Section 19: a redirect is evidence to inspect, never authorisation. Trust does not travel between hosts, nor between subdomains of one domain""}, {""kind"": ""SAME_REGISTRABLE_DOMAIN"", ""detail"": ""anu.edu.au -> anu.edu.au""}]","[""the redirect itself"", ""HTTP 200 after redirecting""]"
the university of edinburgh,study.ed.ac.uk,ed.ac.uk,NEEDS_REVIEW,VERIFIED_OFFICIAL,NONE (official_domain has no row for this host),0,True,"[""www.ed.ac.uk""]","[""PHD_ADMISSIONS"", ""POSTGRADUATE_ADMISSIONS"", ""UNDERGRADUATE_ADMISSIONS""]",{},0,"Is study.ed.ac.uk controlled by, or officially authorised for, the university of edinburgh? It was never submitted: it was reached by redirect from www.ed.ac.uk.","[{""kind"": ""REACHED_ONLY_BY_REDIRECT"", ""detail"": ""redirected to from www.ed.ac.uk. Section 19: a redirect is evidence to inspect, never authorisation. Trust does not travel between hosts, nor between subdomains of one domain""}, {""kind"": ""SAME_REGISTRABLE_DOMAIN"", ""detail"": ""ed.ac.uk -> ed.ac.uk""}]","[""the redirect itself"", ""HTTP 200 after redirecting""]"
northwestern university,undergradaid.northwestern.edu,northwestern.edu,NEEDS_REVIEW,VERIFIED_OFFICIAL,NONE (official_domain has no row for this host),0,True,"[""admissions.northwestern.edu""]","[""TUITION_FEES""]",{},0,"Is undergradaid.northwestern.edu controlled by, or officially authorised for, northwestern university? It was never submitted: it was reached by redirect from admissions.northwestern.edu.","[{""kind"": ""REACHED_ONLY_BY_REDIRECT"", ""detail"": ""redirected to from admissions.northwestern.edu. Section 19: a redirect is evidence to inspect, never authorisation. Trust does not travel between hosts, nor between subdomains of one domain""}, {""kind"": ""SAME_REGISTRABLE_DOMAIN"", ""detail"": ""northwestern.edu -> northwestern.edu""}]","[""the redirect itself"", ""HTTP 200 after redirecting""]"
university of british columbia,vancouver.calendar.ubc.ca,ubc.ca,NEEDS_REVIEW,VERIFIED_OFFICIAL,NONE (official_domain has no row for this host),0,True,"[""www.calendar.ubc.ca""]","[""ACADEMIC_CALENDAR""]",{},0,"Is vancouver.calendar.ubc.ca controlled by, or officially authorised for, university of british columbia? It was never submitted: it was reached by redirect from www.calendar.ubc.ca.","[{""kind"": ""REACHED_ONLY_BY_REDIRECT"", ""detail"": ""redirected to from www.calendar.ubc.ca. Section 19: a redirect is evidence to inspect, never authorisation. Trust does not travel between hosts, nor between subdomains of one domain""}, {""kind"": ""SAME_REGISTRABLE_DOMAIN"", ""detail"": ""ubc.ca -> ubc.ca""}]","[""the redirect itself"", ""HTTP 200 after redirecting""]"
