source_ref,institution,host,url,effective_host,ended_on_a_different_host,access_class,fetch_status,http_status,error_class,stored_title,page_evidence_available,current_publication_eligibility,proposed_decision,question,blocked_note,dead_note,workload_candidates
S0236,australian national university (anu),programsandcourses.anu.edu.au,https://programsandcourses.anu.edu.au/,,False,BODY_EVIDENCE,OK,200,,Programs and Courses - ANU,True,NOT_ELIGIBLE,NEEDS_REVIEW,Is this URL an appropriate official source for australian national university (anu)?,,,0
S0232,australian national university (anu),www.anu.edu.au,https://www.anu.edu.au/,,False,BODY_EVIDENCE,OK,200,,The Australian National University,True,NOT_ELIGIBLE,NEEDS_REVIEW,Is this URL an appropriate official source for australian national university (anu)?,,,0
S0241,australian national university (anu),www.anu.edu.au,https://www.anu.edu.au/directories/academic-calendar,,False,DEAD_NOT_FOUND,HTTP_ERROR,404,HTTP404: Not Found,,False,NOT_ELIGIBLE,NEEDS_REVIEW,Is this URL an appropriate official source for australian national university (anu)?,,"Section 9: an official URL can be dead. This needs source replacement, and its responsibility must NOT be verified from the URL path. No replacement is searched for at this stage.",0
S0239,australian national university (anu),www.anu.edu.au,https://www.anu.edu.au/students/program-administration/costs-fees,www.anu.edu.au,False,BODY_EVIDENCE,OK,200,,Fees & payments | Australian National University,True,NOT_ELIGIBLE,NEEDS_REVIEW,Is this URL an appropriate official source for australian national university (anu)?,,,0
S0240,australian national university (anu),www.anu.edu.au,https://www.anu.edu.au/study/apply,study.anu.edu.au,True,BODY_EVIDENCE,OK,200,,Apply | The Australian National University,True,NOT_ELIGIBLE,NEEDS_REVIEW,Is this URL an appropriate official source for australian national university (anu)?,,,0
S0234,australian national university (anu),www.anu.edu.au,https://www.anu.edu.au/study/apply/domestic-applications-anu-postgraduate,,False,DEAD_NOT_FOUND,HTTP_ERROR,404,HTTP404: Not Found,,False,NOT_ELIGIBLE,NEEDS_REVIEW,Is this URL an appropriate official source for australian national university (anu)?,,"Section 9: an official URL can be dead. This needs source replacement, and its responsibility must NOT be verified from the URL path. No replacement is searched for at this stage.",0
S0233,australian national university (anu),www.anu.edu.au,https://www.anu.edu.au/study/apply/domestic-applications-anu-undergraduate,study.anu.edu.au,True,BODY_EVIDENCE,OK,200,,Domestic undergraduate | The Australian National University,True,NOT_ELIGIBLE,NEEDS_REVIEW,Is this URL an appropriate official source for australian national university (anu)?,,,5
S0238,australian national university (anu),www.anu.edu.au,https://www.anu.edu.au/study/apply/english-language-requirements,study.anu.edu.au,True,BODY_EVIDENCE,OK,200,,English language requirements | The Australian National University,True,NOT_ELIGIBLE,NEEDS_REVIEW,Is this URL an appropriate official source for australian national university (anu)?,,,3
S0237,australian national university (anu),www.anu.edu.au,https://www.anu.edu.au/study/apply/entry-requirements,,False,DEAD_NOT_FOUND,HTTP_ERROR,404,HTTP404: Not Found,,False,NOT_ELIGIBLE,NEEDS_REVIEW,Is this URL an appropriate official source for australian national university (anu)?,,"Section 9: an official URL can be dead. This needs source replacement, and its responsibility must NOT be verified from the URL path. No replacement is searched for at this stage.",0
S0235,australian national university (anu),www.anu.edu.au,https://www.anu.edu.au/study/apply/research-applications,,False,DEAD_NOT_FOUND,HTTP_ERROR,404,HTTP404: Not Found,,False,NOT_ELIGIBLE,NEEDS_REVIEW,Is this URL an appropriate official source for australian national university (anu)?,,"Section 9: an official URL can be dead. This needs source replacement, and its responsibility must NOT be verified from the URL path. No replacement is searched for at this stage.",0
S0060,california institute of technology (caltech),catalog.caltech.edu,https://catalog.caltech.edu/current/,,False,BODY_EVIDENCE,OK,200,,2026-2027 Catalog | Caltech Academic Catalog,True,NOT_ELIGIBLE,NEEDS_REVIEW,Is this URL an appropriate official source for california institute of technology (caltech)?,,,2
S0063,california institute of technology (caltech),finaid.caltech.edu,https://finaid.caltech.edu/current-students/undergraduate-costs,,False,TLS_FAILURE,HTTP_ERROR,,ConnectError: [SSL: CERTIFICATE_VERIFY_FAILED] certificate verify failed: unable to get local issuer certificate (_ssl.c:1010),,False,NOT_ELIGIBLE,NEEDS_REVIEW,Is this URL an appropriate official source for california institute of technology (caltech)?,,"Section 9: an official URL can be dead. This needs source replacement, and its responsibility must NOT be verified from the URL path. No replacement is searched for at this stage.",0
S0058,california institute of technology (caltech),gradoffice.caltech.edu,https://gradoffice.caltech.edu/admissions,,False,BODY_EVIDENCE,OK,200,,Admissions - Graduate Studies Office,True,NOT_ELIGIBLE,NEEDS_REVIEW,Is this URL an appropriate official source for california institute of technology (caltech)?,,,7
S0062,california institute of technology (caltech),gradoffice.caltech.edu,https://gradoffice.caltech.edu/admissions/requirements,,False,DEAD_NOT_FOUND,HTTP_ERROR,404,HTTP404: Not Found,,False,NOT_ELIGIBLE,NEEDS_REVIEW,Is this URL an appropriate official source for california institute of technology (caltech)?,,"Section 9: an official URL can be dead. This needs source replacement, and its responsibility must NOT be verified from the URL path. No replacement is searched for at this stage.",0
S0065,california institute of technology (caltech),registrar.caltech.edu,https://registrar.caltech.edu/documents/25766/AcademicCalendar2026-27.pdf,,False,BODY_EVIDENCE,OK,200,,CALIFORNIA INSTITUTE OF TECHNOLOGY,True,NOT_ELIGIBLE,NEEDS_REVIEW,Is this URL an appropriate official source for california institute of technology (caltech)?,,,74
S0057,california institute of technology (caltech),www.admissions.caltech.edu,https://www.admissions.caltech.edu/,,False,BODY_EVIDENCE,OK,200,,Undergraduate Admissions,True,NOT_ELIGIBLE,NEEDS_REVIEW,Is this URL an appropriate official source for california institute of technology (caltech)?,,,0
S0061,california institute of technology (caltech),www.admissions.caltech.edu,https://www.admissions.caltech.edu/apply/first-year-applicants,,False,BODY_EVIDENCE,OK,200,,First-Year Applicants - Undergraduate Admissions,True,NOT_ELIGIBLE,NEEDS_REVIEW,Is this URL an appropriate official source for california institute of technology (caltech)?,,,0
S0064,california institute of technology (caltech),www.admissions.caltech.edu,https://www.admissions.caltech.edu/apply/first-year-applicants/deadlines,,False,BODY_EVIDENCE,OK,200,,First-Year Application Deadlines - Undergraduate Admissions,True,NOT_ELIGIBLE,NEEDS_REVIEW,Is this URL an appropriate official source for california institute of technology (caltech)?,,,17
S0056,california institute of technology (caltech),www.caltech.edu,https://www.caltech.edu/,,False,BODY_EVIDENCE,OK,200,,Home - www.caltech.edu,True,NOT_ELIGIBLE,NEEDS_REVIEW,Is this URL an appropriate official source for california institute of technology (caltech)?,,,0
S0335,columbia university,bulletin.columbia.edu,https://bulletin.columbia.edu/,,False,BODY_EVIDENCE,OK,200,,Columbia University < Columbia University,True,NOT_ELIGIBLE,NEEDS_REVIEW,Is this URL an appropriate official source for columbia university?,,,0
S0340,columbia university,registrar.columbia.edu,https://registrar.columbia.edu/content/academic-calendar,,False,BLOCKED,BLOCKED,403,HTTP403: access refused by the site,,False,NOT_ELIGIBLE,NEEDS_REVIEW,Is this URL an appropriate official source for columbia university?,Section 8: the domain may still be verifiable from the institution relationship and other pages. Do not fake page-content verification for a body that was never captured.,,0
S0332,columbia university,undergrad.admissions.columbia.edu,https://undergrad.admissions.columbia.edu/,,False,BLOCKED,BLOCKED,403,HTTP403: access refused by the site,,False,NOT_ELIGIBLE,NEEDS_REVIEW,Is this URL an appropriate official source for columbia university?,Section 8: the domain may still be verifiable from the institution relationship and other pages. Do not fake page-content verification for a body that was never captured.,,0
S0338,columbia university,undergrad.admissions.columbia.edu,https://undergrad.admissions.columbia.edu/affordability,,False,BLOCKED,BLOCKED,403,HTTP403: access refused by the site,,False,NOT_ELIGIBLE,NEEDS_REVIEW,Is this URL an appropriate official source for columbia university?,Section 8: the domain may still be verifiable from the institution relationship and other pages. Do not fake page-content verification for a body that was never captured.,,0
S0336,columbia university,undergrad.admissions.columbia.edu,https://undergrad.admissions.columbia.edu/apply,,False,BLOCKED,BLOCKED,403,HTTP403: access refused by the site,,False,NOT_ELIGIBLE,NEEDS_REVIEW,Is this URL an appropriate official source for columbia university?,Section 8: the domain may still be verifiable from the institution relationship and other pages. Do not fake page-content verification for a body that was never captured.,,0
S0331,columbia university,www.columbia.edu,https://www.columbia.edu/,,False,BLOCKED,BLOCKED,403,HTTP403: access refused by the site,,False,NOT_ELIGIBLE,NEEDS_REVIEW,Is this URL an appropriate official source for columbia university?,Section 8: the domain may still be verifiable from the institution relationship and other pages. Do not fake page-content verification for a body that was never captured.,,0
S0333,columbia university,www.gs.columbia.edu,https://www.gs.columbia.edu/content/graduate-admissions,,False,BLOCKED,BLOCKED,403,HTTP403: access refused by the site,,False,NOT_ELIGIBLE,NEEDS_REVIEW,Is this URL an appropriate official source for columbia university?,Section 8: the domain may still be verifiable from the institution relationship and other pages. Do not fake page-content verification for a body that was never captured.,,0
S0334,columbia university,www.gsas.columbia.edu,https://www.gsas.columbia.edu/content/admissions,,False,BLOCKED,BLOCKED,403,HTTP403: access refused by the site,,False,NOT_ELIGIBLE,NEEDS_REVIEW,Is this URL an appropriate official source for columbia university?,Section 8: the domain may still be verifiable from the institution relationship and other pages. Do not fake page-content verification for a body that was never captured.,,0
S0337,columbia university,www.gsas.columbia.edu,https://www.gsas.columbia.edu/content/international-students,,False,BLOCKED,BLOCKED,403,HTTP403: access refused by the site,,False,NOT_ELIGIBLE,NEEDS_REVIEW,Is this URL an appropriate official source for columbia university?,Section 8: the domain may still be verifiable from the institution relationship and other pages. Do not fake page-content verification for a body that was never captured.,,0
S0123,cornell university,admissions.cornell.edu,https://admissions.cornell.edu/,,False,BODY_EVIDENCE,OK,200,,Home | Undergraduate Admissions,True,NOT_ELIGIBLE,NEEDS_REVIEW,Is this URL an appropriate official source for cornell university?,,,28
S0127,cornell university,admissions.cornell.edu,https://admissions.cornell.edu/apply/first-year-applicants,admissions.cornell.edu,False,BODY_EVIDENCE,OK,200,,How to Apply | Undergraduate Admissions,True,NOT_ELIGIBLE,NEEDS_REVIEW,Is this URL an appropriate official source for cornell university?,,,0
S0126,cornell university,courses.cornell.edu,https://courses.cornell.edu/,,False,OTHER_HTTP,HTTP_ERROR,202,HTTP202: unexpected status 202,,False,NOT_ELIGIBLE,NEEDS_REVIEW,Is this URL an appropriate official source for cornell university?,,,0
S0129,cornell university,finaid.cornell.edu,https://finaid.cornell.edu/cost-to-attend,,False,BODY_EVIDENCE,OK,200,,Cost to Attend | Financial Aid,True,NOT_ELIGIBLE,NEEDS_REVIEW,Is this URL an appropriate official source for cornell university?,,,1
S0124,cornell university,gradschool.cornell.edu,https://gradschool.cornell.edu/admissions/,,False,BLOCKED,BLOCKED,403,HTTP403: access refused by the site,,False,NOT_ELIGIBLE,NEEDS_REVIEW,Is this URL an appropriate official source for cornell university?,Section 8: the domain may still be verifiable from the institution relationship and other pages. Do not fake page-content verification for a body that was never captured.,,0
S0128,cornell university,gradschool.cornell.edu,https://gradschool.cornell.edu/admissions/requirements/,,False,BLOCKED,BLOCKED,403,HTTP403: access refused by the site,,False,NOT_ELIGIBLE,NEEDS_REVIEW,Is this URL an appropriate official source for cornell university?,Section 8: the domain may still be verifiable from the institution relationship and other pages. Do not fake page-content verification for a body that was never captured.,,0
S0131,cornell university,registrar.cornell.edu,https://registrar.cornell.edu/academic-calendar,registrar.cornell.edu,False,BODY_EVIDENCE,OK,200,,Academic Calendar 2026-2027 | Registrar,True,NOT_ELIGIBLE,NEEDS_REVIEW,Is this URL an appropriate official source for cornell university?,,,158
S0122,cornell university,www.cornell.edu,https://www.cornell.edu/,,False,BODY_EVIDENCE,OK,200,,Cornell University,True,NOT_ELIGIBLE,NEEDS_REVIEW,Is this URL an appropriate official source for cornell university?,,,0
S0038,harvard university,catalog.my.harvard.edu,https://catalog.my.harvard.edu/,,False,DEAD_HOST,NAME_NOT_RESOLVED,,NameNotResolved: the name does not resolve: [Errno 11001] getaddrinfo failed,,False,NOT_ELIGIBLE,NEEDS_REVIEW,Is this URL an appropriate official source for harvard university?,,"Section 9: an official URL can be dead. This needs source replacement, and its responsibility must NOT be verified from the URL path. No replacement is searched for at this stage.",0
S0035,harvard university,college.harvard.edu,https://college.harvard.edu/admissions,,False,BODY_EVIDENCE,OK,200,,Admissions | Harvard College,True,NOT_ELIGIBLE,NEEDS_REVIEW,Is this URL an appropriate official source for harvard university?,,,42
S0039,harvard university,college.harvard.edu,https://college.harvard.edu/admissions/apply/first-year-applicants,,False,BODY_EVIDENCE,OK,200,,First-Year Applicants | Harvard,True,NOT_ELIGIBLE,NEEDS_REVIEW,Is this URL an appropriate official source for harvard university?,,,28
S0041,harvard university,college.harvard.edu,https://college.harvard.edu/financial-aid/how-aid-works/cost-attendance,college.harvard.edu,False,BODY_EVIDENCE,OK,200,,How Aid Works | Harvard,True,NOT_ELIGIBLE,NEEDS_REVIEW,Is this URL an appropriate official source for harvard university?,,,4
S0036,harvard university,gsas.harvard.edu,https://gsas.harvard.edu/admissions,gsas.harvard.edu,False,BODY_EVIDENCE,OK,200,,Apply | The Harvard Kenneth C. Griffin Graduate School of Arts and Sciences,True,NOT_ELIGIBLE,NEEDS_REVIEW,Is this URL an appropriate official source for harvard university?,,,6
S0040,harvard university,gsas.harvard.edu,https://gsas.harvard.edu/admissions/apply/english-language-proficiency,,False,DEAD_NOT_FOUND,HTTP_ERROR,404,HTTP404: Not Found,,False,NOT_ELIGIBLE,NEEDS_REVIEW,Is this URL an appropriate official source for harvard university?,,"Section 9: an official URL can be dead. This needs source replacement, and its responsibility must NOT be verified from the URL path. No replacement is searched for at this stage.",0
S0043,harvard university,registrar.fas.harvard.edu,https://registrar.fas.harvard.edu/academic-calendar,,False,BLOCKED,BLOCKED,403,HTTP403: access refused by the site,,False,NOT_ELIGIBLE,NEEDS_REVIEW,Is this URL an appropriate official source for harvard university?,Section 8: the domain may still be verifiable from the institution relationship and other pages. Do not fake page-content verification for a body that was never captured.,,0
S0034,harvard university,www.harvard.edu,https://www.harvard.edu/,,False,BODY_EVIDENCE,OK,200,,Harvard University,True,NOT_ELIGIBLE,NEEDS_REVIEW,Is this URL an appropriate official source for harvard university?,,,0
S0001,imperial college london,www.imperial.ac.uk,https://www.imperial.ac.uk/,,False,BODY_EVIDENCE,OK,200,,Imperial College London,True,NOT_ELIGIBLE,NEEDS_REVIEW,Is this URL an appropriate official source for imperial college london?,,,0
S0010,imperial college london,www.imperial.ac.uk,https://www.imperial.ac.uk/registry/about/academic-year/,www.imperial.ac.uk,False,BODY_EVIDENCE,OK,200,,Registry | Administration and support services | Imperial College London,True,NOT_ELIGIBLE,NEEDS_REVIEW,Is this URL an appropriate official source for imperial college london?,,,0
S0008,imperial college london,www.imperial.ac.uk,https://www.imperial.ac.uk/students/finance/tuition-fees/,,False,DEAD_NOT_FOUND,HTTP_ERROR,404,HTTP404: Not Found,,False,NOT_ELIGIBLE,NEEDS_REVIEW,Is this URL an appropriate official source for imperial college london?,,"Section 9: an official URL can be dead. This needs source replacement, and its responsibility must NOT be verified from the URL path. No replacement is searched for at this stage.",0
S0009,imperial college london,www.imperial.ac.uk,https://www.imperial.ac.uk/study/apply/,,False,BODY_EVIDENCE,OK,200,,Apply | Study | Imperial College London,True,NOT_ELIGIBLE,NEEDS_REVIEW,Is this URL an appropriate official source for imperial college london?,,,1
S0007,imperial college london,www.imperial.ac.uk,https://www.imperial.ac.uk/study/apply/english-language-requirements/,,False,DEAD_NOT_FOUND,HTTP_ERROR,404,HTTP404: Not Found,,False,NOT_ELIGIBLE,NEEDS_REVIEW,Is this URL an appropriate official source for imperial college london?,,"Section 9: an official URL can be dead. This needs source replacement, and its responsibility must NOT be verified from the URL path. No replacement is searched for at this stage.",0
S0004,imperial college london,www.imperial.ac.uk,https://www.imperial.ac.uk/study/apply/postgraduate-doctoral/,,False,BODY_EVIDENCE,OK,200,,Doctoral | Study | Imperial College London,True,NOT_ELIGIBLE,NEEDS_REVIEW,Is this URL an appropriate official source for imperial college london?,,,2
S0003,imperial college london,www.imperial.ac.uk,https://www.imperial.ac.uk/study/apply/postgraduate-taught/,,False,BODY_EVIDENCE,OK,200,,Postgraduate taught | Study | Imperial College London,True,NOT_ELIGIBLE,NEEDS_REVIEW,Is this URL an appropriate official source for imperial college london?,,,2
S0002,imperial college london,www.imperial.ac.uk,https://www.imperial.ac.uk/study/apply/undergraduate/,,False,BODY_EVIDENCE,OK,200,,Undergraduate | Study | Imperial College London,True,NOT_ELIGIBLE,NEEDS_REVIEW,Is this URL an appropriate official source for imperial college london?,,,5
S0006,imperial college london,www.imperial.ac.uk,https://www.imperial.ac.uk/study/apply/undergraduate/process/entry-requirements/,,False,BODY_EVIDENCE,OK,200,,Entry requirements | Study | Imperial College London,True,NOT_ELIGIBLE,NEEDS_REVIEW,Is this URL an appropriate official source for imperial college london?,,,16
S0005,imperial college london,www.imperial.ac.uk,https://www.imperial.ac.uk/study/courses/,,False,BODY_EVIDENCE,OK,200,,Course search | Study | Imperial College London,True,NOT_ELIGIBLE,NEEDS_REVIEW,Is this URL an appropriate official source for imperial college london?,,,27
S0011,imperial college london,www.imperial.ac.uk,https://www.imperial.ac.uk/study/ug/,www.imperial.ac.uk,False,BODY_EVIDENCE,OK,200,,Study | Imperial College London,True,NOT_ELIGIBLE,NEEDS_REVIEW,Is this URL an appropriate official source for imperial college london?,,,0
S0168,johns hopkins university,advanced.jhu.edu,https://advanced.jhu.edu/admissions-aid/,,False,BLOCKED,BLOCKED,403,HTTP403: access refused by the site,,False,NOT_ELIGIBLE,NEEDS_REVIEW,Is this URL an appropriate official source for johns hopkins university?,Section 8: the domain may still be verifiable from the institution relationship and other pages. Do not fake page-content verification for a body that was never captured.,,0
S0167,johns hopkins university,apply.jhu.edu,https://apply.jhu.edu/,,False,BODY_EVIDENCE,OK,200,,Undergraduate Admissions | Johns Hopkins University,True,NOT_ELIGIBLE,NEEDS_REVIEW,Is this URL an appropriate official source for johns hopkins university?,,,0
S0171,johns hopkins university,apply.jhu.edu,https://apply.jhu.edu/how-to-apply/,,False,BODY_EVIDENCE,OK,200,,How to Apply | Johns Hopkins University Admissions,True,NOT_ELIGIBLE,NEEDS_REVIEW,Is this URL an appropriate official source for johns hopkins university?,,,5
S0172,johns hopkins university,apply.jhu.edu,https://apply.jhu.edu/how-to-apply/international-applicants/,,False,DEAD_NOT_FOUND,HTTP_ERROR,404,HTTP404: Not Found,,False,NOT_ELIGIBLE,NEEDS_REVIEW,Is this URL an appropriate official source for johns hopkins university?,,"Section 9: an official URL can be dead. This needs source replacement, and its responsibility must NOT be verified from the URL path. No replacement is searched for at this stage.",0
S0170,johns hopkins university,e-catalogue.jhu.edu,https://e-catalogue.jhu.edu/,,False,BODY_EVIDENCE,OK,200,,The Johns Hopkins University | Johns Hopkins University Academic Catalogue,True,NOT_ELIGIBLE,NEEDS_REVIEW,Is this URL an appropriate official source for johns hopkins university?,,,0
S0173,johns hopkins university,finaid.jhu.edu,https://finaid.jhu.edu/undergraduate-aid/costs/,sfs.jhu.edu,True,DEAD_NOT_FOUND,HTTP_ERROR,404,HTTP404: Not Found,,False,NOT_ELIGIBLE,NEEDS_REVIEW,Is this URL an appropriate official source for johns hopkins university?,,"Section 9: an official URL can be dead. This needs source replacement, and its responsibility must NOT be verified from the URL path. No replacement is searched for at this stage.",0
S0169,johns hopkins university,krieger.jhu.edu,https://krieger.jhu.edu/graduate/,,False,BLOCKED,BLOCKED,403,HTTP403: access refused by the site,,False,NOT_ELIGIBLE,NEEDS_REVIEW,Is this URL an appropriate official source for johns hopkins university?,Section 8: the domain may still be verifiable from the institution relationship and other pages. Do not fake page-content verification for a body that was never captured.,,0
S0175,johns hopkins university,studentaffairs.jhu.edu,https://studentaffairs.jhu.edu/registrar/academic-calendar/,,False,BLOCKED,BLOCKED,403,HTTP403: access refused by the site,,False,NOT_ELIGIBLE,NEEDS_REVIEW,Is this URL an appropriate official source for johns hopkins university?,Section 8: the domain may still be verifiable from the institution relationship and other pages. Do not fake page-content verification for a body that was never captured.,,0
S0166,johns hopkins university,www.jhu.edu,https://www.jhu.edu/,,False,BLOCKED,BLOCKED,403,HTTP403: access refused by the site,,False,NOT_ELIGIBLE,NEEDS_REVIEW,Is this URL an appropriate official source for johns hopkins university?,Section 8: the domain may still be verifiable from the institution relationship and other pages. Do not fake page-content verification for a body that was never captured.,,0
S0298,king's college london,www.kcl.ac.uk,https://www.kcl.ac.uk/,,False,BODY_EVIDENCE,OK,200,,King's College London,True,NOT_ELIGIBLE,NEEDS_REVIEW,Is this URL an appropriate official source for king's college london?,,,0
S0307,king's college london,www.kcl.ac.uk,https://www.kcl.ac.uk/about/how-we-work/term-dates,,False,DEAD_NOT_FOUND,HTTP_ERROR,404,HTTP404: Not Found,,False,NOT_ELIGIBLE,NEEDS_REVIEW,Is this URL an appropriate official source for king's college london?,,"Section 9: an official URL can be dead. This needs source replacement, and its responsibility must NOT be verified from the URL path. No replacement is searched for at this stage.",0
S0302,king's college london,www.kcl.ac.uk,https://www.kcl.ac.uk/study/courses,,False,DEAD_NOT_FOUND,HTTP_ERROR,404,HTTP404: Not Found,,False,NOT_ELIGIBLE,NEEDS_REVIEW,Is this URL an appropriate official source for king's college london?,,"Section 9: an official URL can be dead. This needs source replacement, and its responsibility must NOT be verified from the URL path. No replacement is searched for at this stage.",0
S0305,king's college london,www.kcl.ac.uk,https://www.kcl.ac.uk/study/fees-and-funding,,False,DEAD_NOT_FOUND,HTTP_ERROR,404,HTTP404: Not Found,,False,NOT_ELIGIBLE,NEEDS_REVIEW,Is this URL an appropriate official source for king's college london?,,"Section 9: an official URL can be dead. This needs source replacement, and its responsibility must NOT be verified from the URL path. No replacement is searched for at this stage.",0
S0301,king's college london,www.kcl.ac.uk,https://www.kcl.ac.uk/study/postgraduate-research/how-to-apply,,False,BODY_EVIDENCE,OK,200,,How to apply: Postgraduate research courses | King's College London,True,NOT_ELIGIBLE,NEEDS_REVIEW,Is this URL an appropriate official source for king's college london?,,,6
S0300,king's college london,www.kcl.ac.uk,https://www.kcl.ac.uk/study/postgraduate-taught/how-to-apply,,False,BODY_EVIDENCE,OK,200,,How to apply: Postgraduate taught courses | King's College London,True,NOT_ELIGIBLE,NEEDS_REVIEW,Is this URL an appropriate official source for king's college london?,,,26
S0299,king's college london,www.kcl.ac.uk,https://www.kcl.ac.uk/study/undergraduate/how-to-apply,,False,BODY_EVIDENCE,OK,200,,How to apply: Undergraduate courses | King's College London,True,NOT_ELIGIBLE,NEEDS_REVIEW,Is this URL an appropriate official source for king's college london?,,,14
S0303,king's college london,www.kcl.ac.uk,https://www.kcl.ac.uk/study/undergraduate/requirements,,False,DEAD_NOT_FOUND,HTTP_ERROR,404,HTTP404: Not Found,,False,NOT_ELIGIBLE,NEEDS_REVIEW,Is this URL an appropriate official source for king's college london?,,"Section 9: an official URL can be dead. This needs source replacement, and its responsibility must NOT be verified from the URL path. No replacement is searched for at this stage.",0
S0304,king's college london,www.kcl.ac.uk,https://www.kcl.ac.uk/study/undergraduate/requirements/english-language-requirements,,False,DEAD_NOT_FOUND,HTTP_ERROR,404,HTTP404: Not Found,,False,NOT_ELIGIBLE,NEEDS_REVIEW,Is this URL an appropriate official source for king's college london?,,"Section 9: an official URL can be dead. This needs source replacement, and its responsibility must NOT be verified from the URL path. No replacement is searched for at this stage.",0
S0243,mcgill university,www.mcgill.ca,https://www.mcgill.ca/,,False,BODY_EVIDENCE,OK,200,,McGill University,True,NOT_ELIGIBLE,NEEDS_REVIEW,Is this URL an appropriate official source for mcgill university?,,,0
S0245,mcgill university,www.mcgill.ca,https://www.mcgill.ca/gradapplicants/,,False,BODY_EVIDENCE,OK,200,,Future Graduate Students - McGill University,True,NOT_ELIGIBLE,NEEDS_REVIEW,Is this URL an appropriate official source for mcgill university?,,,0
S0249,mcgill university,www.mcgill.ca,https://www.mcgill.ca/gradapplicants/apply-now/english-language-proficiency,,False,DEAD_NOT_FOUND,HTTP_ERROR,404,HTTP404: Not Found,,False,NOT_ELIGIBLE,NEEDS_REVIEW,Is this URL an appropriate official source for mcgill university?,,"Section 9: an official URL can be dead. This needs source replacement, and its responsibility must NOT be verified from the URL path. No replacement is searched for at this stage.",0
S0252,mcgill university,www.mcgill.ca,https://www.mcgill.ca/importantdates/key-dates,,False,BODY_EVIDENCE,OK,200,,Key academic dates | Important Dates for Students - McGill University,True,NOT_ELIGIBLE,NEEDS_REVIEW,Is this URL an appropriate official source for mcgill university?,,,6
S0250,mcgill university,www.mcgill.ca,https://www.mcgill.ca/student-accounts/tuition-charges,,False,DEAD_NOT_FOUND,HTTP_ERROR,404,HTTP404: Not Found,,False,NOT_ELIGIBLE,NEEDS_REVIEW,Is this URL an appropriate official source for mcgill university?,,"Section 9: an official URL can be dead. This needs source replacement, and its responsibility must NOT be verified from the URL path. No replacement is searched for at this stage.",0
S0247,mcgill university,www.mcgill.ca,https://www.mcgill.ca/study/,,False,BLOCKED,BLOCKED,403,HTTP403: access refused by the site,,False,NOT_ELIGIBLE,NEEDS_REVIEW,Is this URL an appropriate official source for mcgill university?,Section 8: the domain may still be verifiable from the institution relationship and other pages. Do not fake page-content verification for a body that was never captured.,,0
S0244,mcgill university,www.mcgill.ca,https://www.mcgill.ca/undergraduate-admissions/,,False,BODY_EVIDENCE,OK,200,,Undergraduate Admissions - McGill University,True,NOT_ELIGIBLE,NEEDS_REVIEW,Is this URL an appropriate official source for mcgill university?,,,0
S0251,mcgill university,www.mcgill.ca,https://www.mcgill.ca/undergraduate-admissions/apply/dates,,False,DEAD_NOT_FOUND,HTTP_ERROR,404,HTTP404: Not Found,,False,NOT_ELIGIBLE,NEEDS_REVIEW,Is this URL an appropriate official source for mcgill university?,,"Section 9: an official URL can be dead. This needs source replacement, and its responsibility must NOT be verified from the URL path. No replacement is searched for at this stage.",0
S0248,mcgill university,www.mcgill.ca,https://www.mcgill.ca/undergraduate-admissions/apply/requirements,,False,BODY_EVIDENCE,OK,200,,Entrance requirements | Undergraduate Admissions - McGill University,True,NOT_ELIGIBLE,NEEDS_REVIEW,Is this URL an appropriate official source for mcgill university?,,,12
S0254,monash university,www.monash.edu,https://www.monash.edu/,,False,BLOCKED,BLOCKED,403,HTTP403: access refused by the site,,False,NOT_ELIGIBLE,NEEDS_REVIEW,Is this URL an appropriate official source for monash university?,Section 8: the domain may still be verifiable from the institution relationship and other pages. Do not fake page-content verification for a body that was never captured.,,0
S0263,monash university,www.monash.edu,https://www.monash.edu/students/admin/enrolments/academic-calendar,,False,BLOCKED,BLOCKED,403,HTTP403: access refused by the site,,False,NOT_ELIGIBLE,NEEDS_REVIEW,Is this URL an appropriate official source for monash university?,Section 8: the domain may still be verifiable from the institution relationship and other pages. Do not fake page-content verification for a body that was never captured.,,0
S0258,monash university,www.monash.edu,https://www.monash.edu/study/courses,,False,BLOCKED,BLOCKED,403,HTTP403: access refused by the site,,False,NOT_ELIGIBLE,NEEDS_REVIEW,Is this URL an appropriate official source for monash university?,Section 8: the domain may still be verifiable from the institution relationship and other pages. Do not fake page-content verification for a body that was never captured.,,0
S0262,monash university,www.monash.edu,https://www.monash.edu/study/courses/apply,,False,BLOCKED,BLOCKED,403,HTTP403: access refused by the site,,False,NOT_ELIGIBLE,NEEDS_REVIEW,Is this URL an appropriate official source for monash university?,Section 8: the domain may still be verifiable from the institution relationship and other pages. Do not fake page-content verification for a body that was never captured.,,0
S0256,monash university,www.monash.edu,https://www.monash.edu/study/courses/apply/postgraduate,,False,BLOCKED,BLOCKED,403,HTTP403: access refused by the site,,False,NOT_ELIGIBLE,NEEDS_REVIEW,Is this URL an appropriate official source for monash university?,Section 8: the domain may still be verifiable from the institution relationship and other pages. Do not fake page-content verification for a body that was never captured.,,0
S0255,monash university,www.monash.edu,https://www.monash.edu/study/courses/apply/undergraduate,,False,BLOCKED,BLOCKED,403,HTTP403: access refused by the site,,False,NOT_ELIGIBLE,NEEDS_REVIEW,Is this URL an appropriate official source for monash university?,Section 8: the domain may still be verifiable from the institution relationship and other pages. Do not fake page-content verification for a body that was never captured.,,0
S0260,monash university,www.monash.edu,https://www.monash.edu/study/courses/english-language-requirements,,False,BLOCKED,BLOCKED,403,HTTP403: access refused by the site,,False,NOT_ELIGIBLE,NEEDS_REVIEW,Is this URL an appropriate official source for monash university?,Section 8: the domain may still be verifiable from the institution relationship and other pages. Do not fake page-content verification for a body that was never captured.,,0
S0259,monash university,www.monash.edu,https://www.monash.edu/study/courses/entry-requirements,,False,BLOCKED,BLOCKED,403,HTTP403: access refused by the site,,False,NOT_ELIGIBLE,NEEDS_REVIEW,Is this URL an appropriate official source for monash university?,Section 8: the domain may still be verifiable from the institution relationship and other pages. Do not fake page-content verification for a body that was never captured.,,0
S0261,monash university,www.monash.edu,https://www.monash.edu/study/fees-scholarships,,False,BLOCKED,BLOCKED,403,HTTP403: access refused by the site,,False,NOT_ELIGIBLE,NEEDS_REVIEW,Is this URL an appropriate official source for monash university?,Section 8: the domain may still be verifiable from the institution relationship and other pages. Do not fake page-content verification for a body that was never captured.,,0
S0257,monash university,www.monash.edu,https://www.monash.edu/study/why-choose-monash/research-degrees,,False,BLOCKED,BLOCKED,403,HTTP403: access refused by the site,,False,NOT_ELIGIBLE,NEEDS_REVIEW,Is this URL an appropriate official source for monash university?,Section 8: the domain may still be verifiable from the institution relationship and other pages. Do not fake page-content verification for a body that was never captured.,,0
S0100,"nanyang technological university, singapore (ntu singapore)",www.ntu.edu.sg,https://www.ntu.edu.sg/,,False,BODY_EVIDENCE,OK,200,,Nanyang Technological University - NTU Singapore,True,NOT_ELIGIBLE,NEEDS_REVIEW,"Is this URL an appropriate official source for nanyang technological university, singapore (ntu singapore)?",,,0
S0109,"nanyang technological university, singapore (ntu singapore)",www.ntu.edu.sg,https://www.ntu.edu.sg/academic-services/academic-calendar,,False,DEAD_NOT_FOUND,HTTP_ERROR,404,HTTP404: Not Found,,False,NOT_ELIGIBLE,NEEDS_REVIEW,"Is this URL an appropriate official source for nanyang technological university, singapore (ntu singapore)?",,"Section 9: an official URL can be dead. This needs source replacement, and its responsibility must NOT be verified from the URL path. No replacement is searched for at this stage.",0
S0102,"nanyang technological university, singapore (ntu singapore)",www.ntu.edu.sg,https://www.ntu.edu.sg/admissions/graduate,,False,BODY_EVIDENCE,OK,200,,Graduate | NTU Singapore,True,NOT_ELIGIBLE,NEEDS_REVIEW,"Is this URL an appropriate official source for nanyang technological university, singapore (ntu singapore)?",,,2
S0101,"nanyang technological university, singapore (ntu singapore)",www.ntu.edu.sg,https://www.ntu.edu.sg/admissions/undergraduate,,False,BODY_EVIDENCE,OK,200,,Undergraduate | NTU Singapore,True,NOT_ELIGIBLE,NEEDS_REVIEW,"Is this URL an appropriate official source for nanyang technological university, singapore (ntu singapore)?",,,55
S0108,"nanyang technological university, singapore (ntu singapore)",www.ntu.edu.sg,https://www.ntu.edu.sg/admissions/undergraduate/application,,False,DEAD_NOT_FOUND,HTTP_ERROR,404,HTTP404: Not Found,,False,NOT_ELIGIBLE,NEEDS_REVIEW,"Is this URL an appropriate official source for nanyang technological university, singapore (ntu singapore)?",,"Section 9: an official URL can be dead. This needs source replacement, and its responsibility must NOT be verified from the URL path. No replacement is searched for at this stage.",0
S0107,"nanyang technological university, singapore (ntu singapore)",www.ntu.edu.sg,https://www.ntu.edu.sg/admissions/undergraduate/fees,,False,DEAD_NOT_FOUND,HTTP_ERROR,404,HTTP404: Not Found,,False,NOT_ELIGIBLE,NEEDS_REVIEW,"Is this URL an appropriate official source for nanyang technological university, singapore (ntu singapore)?",,"Section 9: an official URL can be dead. This needs source replacement, and its responsibility must NOT be verified from the URL path. No replacement is searched for at this stage.",0
S0105,"nanyang technological university, singapore (ntu singapore)",www.ntu.edu.sg,https://www.ntu.edu.sg/admissions/undergraduate/requirements,,False,DEAD_NOT_FOUND,HTTP_ERROR,404,HTTP404: Not Found,,False,NOT_ELIGIBLE,NEEDS_REVIEW,"Is this URL an appropriate official source for nanyang technological university, singapore (ntu singapore)?",,"Section 9: an official URL can be dead. This needs source replacement, and its responsibility must NOT be verified from the URL path. No replacement is searched for at this stage.",0
S0104,"nanyang technological university, singapore (ntu singapore)",www.ntu.edu.sg,https://www.ntu.edu.sg/education/undergraduate-programme,,False,DEAD_NOT_FOUND,HTTP_ERROR,404,HTTP404: Not Found,,False,NOT_ELIGIBLE,NEEDS_REVIEW,"Is this URL an appropriate official source for nanyang technological university, singapore (ntu singapore)?",,"Section 9: an official URL can be dead. This needs source replacement, and its responsibility must NOT be verified from the URL path. No replacement is searched for at this stage.",0
S0082,national university of singapore (nus),nus.edu.sg,https://nus.edu.sg/education,,False,BLOCKED,BLOCKED,200,ChallengeInterstitial: HTTP 200 with a bot-protection interstitial (_Incapsula_Resource); 955 bytes. Not stored as evidence.,,False,NOT_ELIGIBLE,NEEDS_REVIEW,Is this URL an appropriate official source for national university of singapore (nus)?,Section 8: the domain may still be verifiable from the institution relationship and other pages. Do not fake page-content verification for a body that was never captured.,,0
S0079,national university of singapore (nus),nus.edu.sg,https://nus.edu.sg/oam/admissions/undergraduate-programmes,,False,BLOCKED,BLOCKED,200,ChallengeInterstitial: HTTP 200 with a bot-protection interstitial (_Incapsula_Resource); 958 bytes. Not stored as evidence.,,False,NOT_ELIGIBLE,NEEDS_REVIEW,Is this URL an appropriate official source for national university of singapore (nus)?,Section 8: the domain may still be verifiable from the institution relationship and other pages. Do not fake page-content verification for a body that was never captured.,,0
S0083,national university of singapore (nus),nus.edu.sg,https://nus.edu.sg/oam/admissions/undergraduate-programmes/admission-requirements,,False,BLOCKED,BLOCKED,200,ChallengeInterstitial: HTTP 200 with a bot-protection interstitial (_Incapsula_Resource); 212 bytes. Not stored as evidence.,,False,NOT_ELIGIBLE,NEEDS_REVIEW,Is this URL an appropriate official source for national university of singapore (nus)?,Section 8: the domain may still be verifiable from the institution relationship and other pages. Do not fake page-content verification for a body that was never captured.,,0
S0084,national university of singapore (nus),nus.edu.sg,https://nus.edu.sg/oam/admissions/undergraduate-programmes/admission-requirements/english-language-requirements,,False,BLOCKED,BLOCKED,200,ChallengeInterstitial: HTTP 200 with a bot-protection interstitial (_Incapsula_Resource); 954 bytes. Not stored as evidence.,,False,NOT_ELIGIBLE,NEEDS_REVIEW,Is this URL an appropriate official source for national university of singapore (nus)?,Section 8: the domain may still be verifiable from the institution relationship and other pages. Do not fake page-content verification for a body that was never captured.,,0
S0086,national university of singapore (nus),nus.edu.sg,https://nus.edu.sg/oam/admissions/undergraduate-programmes/application-information,,False,DEAD_NOT_FOUND,HTTP_ERROR,404,HTTP404: Not Found,,False,NOT_ELIGIBLE,NEEDS_REVIEW,Is this URL an appropriate official source for national university of singapore (nus)?,,"Section 9: an official URL can be dead. This needs source replacement, and its responsibility must NOT be verified from the URL path. No replacement is searched for at this stage.",0
S0087,national university of singapore (nus),nus.edu.sg,https://nus.edu.sg/registrar/academic-activities/academic-calendar,,False,BLOCKED,BLOCKED,200,ChallengeInterstitial: HTTP 200 with a bot-protection interstitial (_Incapsula_Resource); 954 bytes. Not stored as evidence.,,False,NOT_ELIGIBLE,NEEDS_REVIEW,Is this URL an appropriate official source for national university of singapore (nus)?,Section 8: the domain may still be verifiable from the institution relationship and other pages. Do not fake page-content verification for a body that was never captured.,,0
S0085,national university of singapore (nus),nus.edu.sg,https://nus.edu.sg/registrar/administrative-policies-procedures/undergraduate/tuition-fees,,False,BLOCKED,BLOCKED,200,ChallengeInterstitial: HTTP 200 with a bot-protection interstitial (_Incapsula_Resource); 960 bytes. Not stored as evidence.,,False,NOT_ELIGIBLE,NEEDS_REVIEW,Is this URL an appropriate official source for national university of singapore (nus)?,Section 8: the domain may still be verifiable from the institution relationship and other pages. Do not fake page-content verification for a body that was never captured.,,0
S0080,national university of singapore (nus),nusgs.nus.edu.sg,https://nusgs.nus.edu.sg/,,False,BLOCKED,BLOCKED,200,ChallengeInterstitial: HTTP 200 with a bot-protection interstitial (_Incapsula_Resource); 212 bytes. Not stored as evidence.,,False,NOT_ELIGIBLE,NEEDS_REVIEW,Is this URL an appropriate official source for national university of singapore (nus)?,Section 8: the domain may still be verifiable from the institution relationship and other pages. Do not fake page-content verification for a body that was never captured.,,0
S0078,national university of singapore (nus),www.nus.edu.sg,https://www.nus.edu.sg/,,False,BLOCKED,BLOCKED,200,ChallengeInterstitial: HTTP 200 with a bot-protection interstitial (_Incapsula_Resource); 212 bytes. Not stored as evidence.,,False,NOT_ELIGIBLE,NEEDS_REVIEW,Is this URL an appropriate official source for national university of singapore (nus)?,Section 8: the domain may still be verifiable from the institution relationship and other pages. Do not fake page-content verification for a body that was never captured.,,0
S0343,northwestern university,admissions.northwestern.edu,https://admissions.northwestern.edu/,,False,BODY_EVIDENCE,OK,200,,Undergraduate Admissions - Northwestern University,True,NOT_ELIGIBLE,NEEDS_REVIEW,Is this URL an appropriate official source for northwestern university?,,,16
S0347,northwestern university,admissions.northwestern.edu,https://admissions.northwestern.edu/apply/,,False,BODY_EVIDENCE,OK,200,,Apply: Undergraduate Admissions - Northwestern University,True,NOT_ELIGIBLE,NEEDS_REVIEW,Is this URL an appropriate official source for northwestern university?,,,5
S0349,northwestern university,admissions.northwestern.edu,https://admissions.northwestern.edu/tuition-aid/,undergradaid.northwestern.edu,True,BODY_EVIDENCE,OK,200,,Undergraduate Financial Aid - Northwestern University,True,NOT_ELIGIBLE,NEEDS_REVIEW,Is this URL an appropriate official source for northwestern university?,,,0
S0346,northwestern university,catalogs.northwestern.edu,https://catalogs.northwestern.edu/,,False,BODY_EVIDENCE,OK,200,,Academic Catalog | Northwestern University Academic Catalog,True,NOT_ELIGIBLE,NEEDS_REVIEW,Is this URL an appropriate official source for northwestern university?,,,0
S0342,northwestern university,www.northwestern.edu,https://www.northwestern.edu/,,False,BODY_EVIDENCE,OK,200,,Northwestern University,True,NOT_ELIGIBLE,NEEDS_REVIEW,Is this URL an appropriate official source for northwestern university?,,,0
S0351,northwestern university,www.registrar.northwestern.edu,https://www.registrar.northwestern.edu/calendars/,,False,BODY_EVIDENCE,OK,200,,Calendars: Office of the Registrar - Northwestern University,True,NOT_ELIGIBLE,NEEDS_REVIEW,Is this URL an appropriate official source for northwestern university?,,,0
S0344,northwestern university,www.tgs.northwestern.edu,https://www.tgs.northwestern.edu/admission/,,False,BODY_EVIDENCE,OK,200,,Admissions: The Graduate School - Northwestern University,True,NOT_ELIGIBLE,NEEDS_REVIEW,Is this URL an appropriate official source for northwestern university?,,,18
S0348,northwestern university,www.tgs.northwestern.edu,https://www.tgs.northwestern.edu/admission/application-procedures/requirements.html,,False,DEAD_NOT_FOUND,HTTP_ERROR,404,HTTP404: Not Found,,False,NOT_ELIGIBLE,NEEDS_REVIEW,Is this URL an appropriate official source for northwestern university?,,"Section 9: an official URL can be dead. This needs source replacement, and its responsibility must NOT be verified from the URL path. No replacement is searched for at this stage.",0
S0211,princeton university,admission.princeton.edu,https://admission.princeton.edu/,,False,BODY_EVIDENCE,OK,200,,Princeton University Admission,True,NOT_ELIGIBLE,NEEDS_REVIEW,Is this URL an appropriate official source for princeton university?,,,21
S0215,princeton university,admission.princeton.edu,https://admission.princeton.edu/apply,,False,BODY_EVIDENCE,OK,200,,Apply | Princeton Admission,True,NOT_ELIGIBLE,NEEDS_REVIEW,Is this URL an appropriate official source for princeton university?,,,27
S0217,princeton university,admission.princeton.edu,https://admission.princeton.edu/cost-aid,,False,BODY_EVIDENCE,OK,200,,Cost & Aid | Princeton Admission,True,NOT_ELIGIBLE,NEEDS_REVIEW,Is this URL an appropriate official source for princeton university?,,,3
S0212,princeton university,gradschool.princeton.edu,https://gradschool.princeton.edu/admission-onboarding,,False,BLOCKED,BLOCKED,403,HTTP403: access refused by the site,,False,NOT_ELIGIBLE,NEEDS_REVIEW,Is this URL an appropriate official source for princeton university?,Section 8: the domain may still be verifiable from the institution relationship and other pages. Do not fake page-content verification for a body that was never captured.,,0
S0216,princeton university,gradschool.princeton.edu,https://gradschool.princeton.edu/admission-onboarding/application-requirements,,False,BLOCKED,BLOCKED,403,HTTP403: access refused by the site,,False,NOT_ELIGIBLE,NEEDS_REVIEW,Is this URL an appropriate official source for princeton university?,Section 8: the domain may still be verifiable from the institution relationship and other pages. Do not fake page-content verification for a body that was never captured.,,0
S0219,princeton university,registrar.princeton.edu,https://registrar.princeton.edu/academic-calendar,,False,BLOCKED,BLOCKED,403,HTTP403: access refused by the site,,False,NOT_ELIGIBLE,NEEDS_REVIEW,Is this URL an appropriate official source for princeton university?,Section 8: the domain may still be verifiable from the institution relationship and other pages. Do not fake page-content verification for a body that was never captured.,,0
S0210,princeton university,www.princeton.edu,https://www.princeton.edu/,,False,BODY_EVIDENCE,OK,200,,Home | Princeton University,True,NOT_ELIGIBLE,NEEDS_REVIEW,Is this URL an appropriate official source for princeton university?,,,0
S0214,princeton university,www.princeton.edu,https://www.princeton.edu/academics/areas-study,,False,DEAD_NOT_FOUND,HTTP_ERROR,404,HTTP404: Not Found,,False,NOT_ELIGIBLE,NEEDS_REVIEW,Is this URL an appropriate official source for princeton university?,,"Section 9: an official URL can be dead. This needs source replacement, and its responsibility must NOT be verified from the URL path. No replacement is searched for at this stage.",0
S0013,stanford university,admission.stanford.edu,https://admission.stanford.edu/,,False,BODY_EVIDENCE,OK,200,,Undergraduate Admission : Stanford University,True,NOT_ELIGIBLE,NEEDS_REVIEW,Is this URL an appropriate official source for stanford university?,,,16
S0017,stanford university,admission.stanford.edu,https://admission.stanford.edu/apply/first-year/,,False,BODY_EVIDENCE,OK,200,,First-Year Applicants : Stanford University,True,NOT_ELIGIBLE,NEEDS_REVIEW,Is this URL an appropriate official source for stanford university?,,,28
S0020,stanford university,admission.stanford.edu,https://admission.stanford.edu/apply/first-year/deadlines.html,admission.stanford.edu,False,BODY_EVIDENCE,OK,200,,Page Not Found : Stanford University,True,NOT_ELIGIBLE,NEEDS_REVIEW,Is this URL an appropriate official source for stanford university?,,,0
S0018,stanford university,admission.stanford.edu,https://admission.stanford.edu/apply/first-year/requirements.html,admission.stanford.edu,False,BODY_EVIDENCE,OK,200,,Page Not Found : Stanford University,True,NOT_ELIGIBLE,NEEDS_REVIEW,Is this URL an appropriate official source for stanford university?,,,0
S0016,stanford university,bulletin.stanford.edu,https://bulletin.stanford.edu/search/,,False,BODY_EVIDENCE,OK,200,,Stanford University Catalog: Search,True,NOT_ELIGIBLE,NEEDS_REVIEW,Is this URL an appropriate official source for stanford university?,,,0
S0014,stanford university,gradadmissions.stanford.edu,https://gradadmissions.stanford.edu/,,False,BODY_EVIDENCE,OK,200,,Graduate Admissions,True,NOT_ELIGIBLE,NEEDS_REVIEW,Is this URL an appropriate official source for stanford university?,,,8
S0021,stanford university,registrar.stanford.edu,https://registrar.stanford.edu/academics/academic-calendar,studentservices.stanford.edu,True,DEAD_NOT_FOUND,HTTP_ERROR,404,HTTP404: Not Found,,False,NOT_ELIGIBLE,NEEDS_REVIEW,Is this URL an appropriate official source for stanford university?,,"Section 9: an official URL can be dead. This needs source replacement, and its responsibility must NOT be verified from the URL path. No replacement is searched for at this stage.",0
S0022,stanford university,studentservices.stanford.edu,https://studentservices.stanford.edu/tuition-rates/2026-2027-graduate-and-professional-tuition-rates,,False,BODY_EVIDENCE,OK,200,,2026-2027 Graduate and Professional Tuition Rates | Student Services,True,NOT_ELIGIBLE,NEEDS_REVIEW,Is this URL an appropriate official source for stanford university?,,,0
S0019,stanford university,studentservices.stanford.edu,https://studentservices.stanford.edu/tuition-rates/2026-2027-undergraduate-tuition-rates,,False,BODY_EVIDENCE,OK,200,,2026-2027 Undergraduate Tuition Rates | Student Services,True,NOT_ELIGIBLE,NEEDS_REVIEW,Is this URL an appropriate official source for stanford university?,,,12
S0012,stanford university,www.stanford.edu,https://www.stanford.edu/,,False,BODY_EVIDENCE,OK,200,,Stanford University,True,NOT_ELIGIBLE,NEEDS_REVIEW,Is this URL an appropriate official source for stanford university?,,,0
S0145,the chinese university of hong kong (cuhk),admission.cuhk.edu.hk,https://admission.cuhk.edu.hk/,,False,TLS_FAILURE,HTTP_ERROR,,ConnectError: [SSL: CERTIFICATE_VERIFY_FAILED] certificate verify failed: unable to get local issuer certificate (_ssl.c:1010),,False,NOT_ELIGIBLE,NEEDS_REVIEW,Is this URL an appropriate official source for the chinese university of hong kong (cuhk)?,,"Section 9: an official URL can be dead. This needs source replacement, and its responsibility must NOT be verified from the URL path. No replacement is searched for at this stage.",0
S0152,the chinese university of hong kong (cuhk),admission.cuhk.edu.hk,https://admission.cuhk.edu.hk/application/,,False,TLS_FAILURE,HTTP_ERROR,,ConnectError: [SSL: CERTIFICATE_VERIFY_FAILED] certificate verify failed: unable to get local issuer certificate (_ssl.c:1010),,False,NOT_ELIGIBLE,NEEDS_REVIEW,Is this URL an appropriate official source for the chinese university of hong kong (cuhk)?,,"Section 9: an official URL can be dead. This needs source replacement, and its responsibility must NOT be verified from the URL path. No replacement is searched for at this stage.",0
S0151,the chinese university of hong kong (cuhk),admission.cuhk.edu.hk,https://admission.cuhk.edu.hk/fees/,,False,TLS_FAILURE,HTTP_ERROR,,ConnectError: [SSL: CERTIFICATE_VERIFY_FAILED] certificate verify failed: unable to get local issuer certificate (_ssl.c:1010),,False,NOT_ELIGIBLE,NEEDS_REVIEW,Is this URL an appropriate official source for the chinese university of hong kong (cuhk)?,,"Section 9: an official URL can be dead. This needs source replacement, and its responsibility must NOT be verified from the URL path. No replacement is searched for at this stage.",0
S0148,the chinese university of hong kong (cuhk),admission.cuhk.edu.hk,https://admission.cuhk.edu.hk/programmes/,,False,TLS_FAILURE,HTTP_ERROR,,ConnectError: [SSL: CERTIFICATE_VERIFY_FAILED] certificate verify failed: unable to get local issuer certificate (_ssl.c:1010),,False,NOT_ELIGIBLE,NEEDS_REVIEW,Is this URL an appropriate official source for the chinese university of hong kong (cuhk)?,,"Section 9: an official URL can be dead. This needs source replacement, and its responsibility must NOT be verified from the URL path. No replacement is searched for at this stage.",0
S0149,the chinese university of hong kong (cuhk),admission.cuhk.edu.hk,https://admission.cuhk.edu.hk/requirements/,,False,TLS_FAILURE,HTTP_ERROR,,ConnectError: [SSL: CERTIFICATE_VERIFY_FAILED] certificate verify failed: unable to get local issuer certificate (_ssl.c:1010),,False,NOT_ELIGIBLE,NEEDS_REVIEW,Is this URL an appropriate official source for the chinese university of hong kong (cuhk)?,,"Section 9: an official URL can be dead. This needs source replacement, and its responsibility must NOT be verified from the URL path. No replacement is searched for at this stage.",0
S0144,the chinese university of hong kong (cuhk),www.cuhk.edu.hk,https://www.cuhk.edu.hk/,,False,BODY_EVIDENCE,OK,200,,The Chinese University of Hong Kong,True,NOT_ELIGIBLE,NEEDS_REVIEW,Is this URL an appropriate official source for the chinese university of hong kong (cuhk)?,,,0
S0146,the chinese university of hong kong (cuhk),www.gs.cuhk.edu.hk,https://www.gs.cuhk.edu.hk/,,False,BODY_EVIDENCE,OK,200,,CUHK Graduate School,True,NOT_ELIGIBLE,NEEDS_REVIEW,Is this URL an appropriate official source for the chinese university of hong kong (cuhk)?,,,1
S0150,the chinese university of hong kong (cuhk),www.gs.cuhk.edu.hk,https://www.gs.cuhk.edu.hk/page/EnglishLanguageProficiencyRequirement,,False,DEAD_NOT_FOUND,HTTP_ERROR,404,HTTP404: Not Found,,False,NOT_ELIGIBLE,NEEDS_REVIEW,Is this URL an appropriate official source for the chinese university of hong kong (cuhk)?,,"Section 9: an official URL can be dead. This needs source replacement, and its responsibility must NOT be verified from the URL path. No replacement is searched for at this stage.",0
S0153,the chinese university of hong kong (cuhk),www.res.cuhk.edu.hk,https://www.res.cuhk.edu.hk/en-gb/academic-calendar,,False,TLS_FAILURE,HTTP_ERROR,,ConnectError: [SSL: CERTIFICATE_VERIFY_FAILED] certificate verify failed: unable to get local issuer certificate (_ssl.c:1010),,False,NOT_ELIGIBLE,NEEDS_REVIEW,Is this URL an appropriate official source for the chinese university of hong kong (cuhk)?,,"Section 9: an official URL can be dead. This needs source replacement, and its responsibility must NOT be verified from the URL path. No replacement is searched for at this stage.",0
S0375,the hong kong polytechnic university,www.polyu.edu.hk,https://www.polyu.edu.hk/,,False,BODY_EVIDENCE,OK,200,,Top Innovative World-Class University in Hong Kong | PolyU,True,NOT_ELIGIBLE,NEEDS_REVIEW,Is this URL an appropriate official source for the hong kong polytechnic university?,,,0
S0384,the hong kong polytechnic university,www.polyu.edu.hk,https://www.polyu.edu.hk/ar/academic-calendar/,www.polyu.edu.hk,False,DEAD_NOT_FOUND,HTTP_ERROR,404,HTTP404: Not Found,,False,NOT_ELIGIBLE,NEEDS_REVIEW,Is this URL an appropriate official source for the hong kong polytechnic university?,,"Section 9: an official URL can be dead. This needs source replacement, and its responsibility must NOT be verified from the URL path. No replacement is searched for at this stage.",0
S0379,the hong kong polytechnic university,www.polyu.edu.hk,https://www.polyu.edu.hk/study/,www.polyu.edu.hk,False,BODY_EVIDENCE,OK,200,,Undergraduate Admissions | The Hong Kong Polytechnic University (PolyU),True,NOT_ELIGIBLE,NEEDS_REVIEW,Is this URL an appropriate official source for the hong kong polytechnic university?,,,4
S0377,the hong kong polytechnic university,www.polyu.edu.hk,https://www.polyu.edu.hk/study/pg/admissions/,,False,DEAD_NOT_FOUND,HTTP_ERROR,404,HTTP404: Not Found,,False,NOT_ELIGIBLE,NEEDS_REVIEW,Is this URL an appropriate official source for the hong kong polytechnic university?,,"Section 9: an official URL can be dead. This needs source replacement, and its responsibility must NOT be verified from the URL path. No replacement is searched for at this stage.",0
S0381,the hong kong polytechnic university,www.polyu.edu.hk,https://www.polyu.edu.hk/study/pg/admissions/admission-requirements/,,False,DEAD_NOT_FOUND,HTTP_ERROR,404,HTTP404: Not Found,,False,NOT_ELIGIBLE,NEEDS_REVIEW,Is this URL an appropriate official source for the hong kong polytechnic university?,,"Section 9: an official URL can be dead. This needs source replacement, and its responsibility must NOT be verified from the URL path. No replacement is searched for at this stage.",0
S0378,the hong kong polytechnic university,www.polyu.edu.hk,https://www.polyu.edu.hk/study/pg/research-postgraduate-programmes/,,False,DEAD_NOT_FOUND,HTTP_ERROR,404,HTTP404: Not Found,,False,NOT_ELIGIBLE,NEEDS_REVIEW,Is this URL an appropriate official source for the hong kong polytechnic university?,,"Section 9: an official URL can be dead. This needs source replacement, and its responsibility must NOT be verified from the URL path. No replacement is searched for at this stage.",0
S0376,the hong kong polytechnic university,www.polyu.edu.hk,https://www.polyu.edu.hk/study/ug/admissions/,www.polyu.edu.hk,False,BODY_EVIDENCE,OK,200,,Admissions | The Hong Kong Polytechnic University (PolyU),True,NOT_ELIGIBLE,NEEDS_REVIEW,Is this URL an appropriate official source for the hong kong polytechnic university?,,,0
S0383,the hong kong polytechnic university,www.polyu.edu.hk,https://www.polyu.edu.hk/study/ug/admissions/application/,,False,DEAD_NOT_FOUND,HTTP_ERROR,404,HTTP404: Not Found,,False,NOT_ELIGIBLE,NEEDS_REVIEW,Is this URL an appropriate official source for the hong kong polytechnic university?,,"Section 9: an official URL can be dead. This needs source replacement, and its responsibility must NOT be verified from the URL path. No replacement is searched for at this stage.",0
S0380,the hong kong polytechnic university,www.polyu.edu.hk,https://www.polyu.edu.hk/study/ug/admissions/entrance-requirements/,,False,DEAD_NOT_FOUND,HTTP_ERROR,404,HTTP404: Not Found,,False,NOT_ELIGIBLE,NEEDS_REVIEW,Is this URL an appropriate official source for the hong kong polytechnic university?,,"Section 9: an official URL can be dead. This needs source replacement, and its responsibility must NOT be verified from the URL path. No replacement is searched for at this stage.",0
S0382,the hong kong polytechnic university,www.polyu.edu.hk,https://www.polyu.edu.hk/study/ug/admissions/tuition-fees/,,False,DEAD_NOT_FOUND,HTTP_ERROR,404,HTTP404: Not Found,,False,NOT_ELIGIBLE,NEEDS_REVIEW,Is this URL an appropriate official source for the hong kong polytechnic university?,,"Section 9: an official URL can be dead. This needs source replacement, and its responsibility must NOT be verified from the URL path. No replacement is searched for at this stage.",0
S0286,the hong kong university of science and technology,ebookshelf.hkust.edu.hk,https://ebookshelf.hkust.edu.hk/flippingbook/G23589_AdmissionFlyer/,,False,BODY_EVIDENCE,OK,200,,HKUST Admission Flyer 2026-27,True,NOT_ELIGIBLE,NEEDS_REVIEW,Is this URL an appropriate official source for the hong kong university of science and technology?,,,0
S0278,the hong kong university of science and technology,fytgs.hkust.edu.hk,https://fytgs.hkust.edu.hk/admissions,,False,BLOCKED,BLOCKED,403,HTTP403: access refused by the site,,False,NOT_ELIGIBLE,NEEDS_REVIEW,Is this URL an appropriate official source for the hong kong university of science and technology?,Section 8: the domain may still be verifiable from the institution relationship and other pages. Do not fake page-content verification for a body that was never captured.,,0
S0276,the hong kong university of science and technology,hkust.edu.hk,https://hkust.edu.hk/,,False,BODY_EVIDENCE,OK,200,,The Hong Kong University of Science and Technology ｜World's Top 50 Universities｜Leading Research Excellence,True,NOT_ELIGIBLE,NEEDS_REVIEW,Is this URL an appropriate official source for the hong kong university of science and technology?,,,0
S0280,the hong kong university of science and technology,hkust.edu.hk,https://hkust.edu.hk/academics,,False,BODY_EVIDENCE,OK,200,,Academics | HKUST,True,NOT_ELIGIBLE,NEEDS_REVIEW,Is this URL an appropriate official source for the hong kong university of science and technology?,,,0
S0277,the hong kong university of science and technology,join.hkust.edu.hk,https://join.hkust.edu.hk/,,False,BODY_EVIDENCE,OK,200,,"Join HKUST | Undergraduate Programs, Requirements & Application",True,NOT_ELIGIBLE,NEEDS_REVIEW,Is this URL an appropriate official source for the hong kong university of science and technology?,,,0
S0281,the hong kong university of science and technology,join.hkust.edu.hk,https://join.hkust.edu.hk/admissions,,False,BODY_EVIDENCE,OK,200,,Admissions | HKUST Undergraduate Admissions,True,NOT_ELIGIBLE,NEEDS_REVIEW,Is this URL an appropriate official source for the hong kong university of science and technology?,,,3
S0285,the hong kong university of science and technology,registry.hkust.edu.hk,https://registry.hkust.edu.hk/resource-library/academic-calendar,,False,BODY_EVIDENCE,OK,200,,Academic Calendar | HKUST - Academic Registry,True,NOT_ELIGIBLE,NEEDS_REVIEW,Is this URL an appropriate official source for the hong kong university of science and technology?,,,1
S0283,the hong kong university of science and technology,registry.hkust.edu.hk,https://registry.hkust.edu.hk/resource-library/tuition-rates-ug,,False,BODY_EVIDENCE,OK,200,,Tuition Rates (UG) | HKUST - Academic Registry,True,NOT_ELIGIBLE,NEEDS_REVIEW,Is this URL an appropriate official source for the hong kong university of science and technology?,,,1
S0287,the university of edinburgh,www.ed.ac.uk,https://www.ed.ac.uk/,,False,BODY_EVIDENCE,OK,200,,The University of Edinburgh,True,NOT_ELIGIBLE,NEEDS_REVIEW,Is this URL an appropriate official source for the university of edinburgh?,,,0
S0296,the university of edinburgh,www.ed.ac.uk,https://www.ed.ac.uk/news/academic-dates,,False,DEAD_NOT_FOUND,HTTP_ERROR,404,HTTP404: Not Found,,False,NOT_ELIGIBLE,NEEDS_REVIEW,Is this URL an appropriate official source for the university of edinburgh?,,"Section 9: an official URL can be dead. This needs source replacement, and its responsibility must NOT be verified from the URL path. No replacement is searched for at this stage.",0
S0291,the university of edinburgh,www.ed.ac.uk,https://www.ed.ac.uk/studying/degree-finder,,False,DEAD_NOT_FOUND,HTTP_ERROR,404,HTTP404: Not Found,,False,NOT_ELIGIBLE,NEEDS_REVIEW,Is this URL an appropriate official source for the university of edinburgh?,,"Section 9: an official URL can be dead. This needs source replacement, and its responsibility must NOT be verified from the URL path. No replacement is searched for at this stage.",0
S0293,the university of edinburgh,www.ed.ac.uk,https://www.ed.ac.uk/studying/international/english,,False,BODY_EVIDENCE,OK,200,,English language requirements | International applicants | The University of Edinburgh,True,NOT_ELIGIBLE,NEEDS_REVIEW,Is this URL an appropriate official source for the university of edinburgh?,,,0
S0289,the university of edinburgh,www.ed.ac.uk,https://www.ed.ac.uk/studying/postgraduate/applying,study.ed.ac.uk,True,BODY_EVIDENCE,OK,200,,Applying | Postgraduate study | The University of Edinburgh,True,NOT_ELIGIBLE,NEEDS_REVIEW,Is this URL an appropriate official source for the university of edinburgh?,,,0
S0290,the university of edinburgh,www.ed.ac.uk,https://www.ed.ac.uk/studying/postgraduate/research,study.ed.ac.uk,True,DEAD_NOT_FOUND,HTTP_ERROR,404,HTTP404: Not Found,,False,NOT_ELIGIBLE,NEEDS_REVIEW,Is this URL an appropriate official source for the university of edinburgh?,,"Section 9: an official URL can be dead. This needs source replacement, and its responsibility must NOT be verified from the URL path. No replacement is searched for at this stage.",0
S0288,the university of edinburgh,www.ed.ac.uk,https://www.ed.ac.uk/studying/undergraduate/applying,study.ed.ac.uk,True,BODY_EVIDENCE,OK,200,,Applying | Undergraduate study | The University of Edinburgh,True,NOT_ELIGIBLE,NEEDS_REVIEW,Is this URL an appropriate official source for the university of edinburgh?,,,0
S0295,the university of edinburgh,www.ed.ac.uk,https://www.ed.ac.uk/studying/undergraduate/applying/application-dates,study.ed.ac.uk,True,DEAD_NOT_FOUND,HTTP_ERROR,404,HTTP404: Not Found,,False,NOT_ELIGIBLE,NEEDS_REVIEW,Is this URL an appropriate official source for the university of edinburgh?,,"Section 9: an official URL can be dead. This needs source replacement, and its responsibility must NOT be verified from the URL path. No replacement is searched for at this stage.",0
S0292,the university of edinburgh,www.ed.ac.uk,https://www.ed.ac.uk/studying/undergraduate/entry-requirements,study.ed.ac.uk,True,BODY_EVIDENCE,OK,200,,Entry requirements | Undergraduate study | The University of Edinburgh,True,NOT_ELIGIBLE,NEEDS_REVIEW,Is this URL an appropriate official source for the university of edinburgh?,,,0
S0294,the university of edinburgh,www.ed.ac.uk,https://www.ed.ac.uk/studying/undergraduate/fees-funding,study.ed.ac.uk,True,BODY_EVIDENCE,OK,200,,Fees and funding | Undergraduate study | The University of Edinburgh,True,NOT_ELIGIBLE,NEEDS_REVIEW,Is this URL an appropriate official source for the university of edinburgh?,,,0
S0090,the university of hong kong,admissions.hku.hk,https://admissions.hku.hk/,,False,BODY_EVIDENCE,OK,200,,"Home | Admissions Office, the Registry",True,NOT_ELIGIBLE,NEEDS_REVIEW,Is this URL an appropriate official source for the university of hong kong?,,,1
S0097,the university of hong kong,admissions.hku.hk,https://admissions.hku.hk/apply,,False,BLOCKED,BLOCKED,403,HTTP403: access refused by the site,,False,NOT_ELIGIBLE,NEEDS_REVIEW,Is this URL an appropriate official source for the university of hong kong?,Section 8: the domain may still be verifiable from the institution relationship and other pages. Do not fake page-content verification for a body that was never captured.,,0
S0094,the university of hong kong,admissions.hku.hk,https://admissions.hku.hk/apply/requirements,,False,DEAD_NOT_FOUND,HTTP_ERROR,404,HTTP404: Not Found,,False,NOT_ELIGIBLE,NEEDS_REVIEW,Is this URL an appropriate official source for the university of hong kong?,,"Section 9: an official URL can be dead. This needs source replacement, and its responsibility must NOT be verified from the URL path. No replacement is searched for at this stage.",0
S0096,the university of hong kong,admissions.hku.hk,https://admissions.hku.hk/fees-and-scholarships,,False,BLOCKED,BLOCKED,403,HTTP403: access refused by the site,,False,NOT_ELIGIBLE,NEEDS_REVIEW,Is this URL an appropriate official source for the university of hong kong?,Section 8: the domain may still be verifiable from the institution relationship and other pages. Do not fake page-content verification for a body that was never captured.,,0
S0093,the university of hong kong,admissions.hku.hk,https://admissions.hku.hk/programmes,,False,BODY_EVIDENCE,OK,200,,"Programmes | Admissions Office, the Registry",True,NOT_ELIGIBLE,NEEDS_REVIEW,Is this URL an appropriate official source for the university of hong kong?,,,0
S0091,the university of hong kong,admissions.hku.hk,https://admissions.hku.hk/tpg/,portal.hku.hk,True,BODY_EVIDENCE,OK,200,,Home,True,NOT_ELIGIBLE,NEEDS_REVIEW,Is this URL an appropriate official source for the university of hong kong?,,,0
S0092,the university of hong kong,gradsch.hku.hk,https://gradsch.hku.hk/,,False,BODY_EVIDENCE,OK,200,,| HKU Graduate School,True,NOT_ELIGIBLE,NEEDS_REVIEW,Is this URL an appropriate official source for the university of hong kong?,,,0
S0089,the university of hong kong,www.hku.hk,https://www.hku.hk/,,False,BODY_EVIDENCE,OK,200,,index,True,NOT_ELIGIBLE,NEEDS_REVIEW,Is this URL an appropriate official source for the university of hong kong?,,,0
S0098,the university of hong kong,www.hku.hk,https://www.hku.hk/academics/academic-calendar.html,,False,DEAD_NOT_FOUND,HTTP_ERROR,404,HTTP404: Not Found,,False,NOT_ELIGIBLE,NEEDS_REVIEW,Is this URL an appropriate official source for the university of hong kong?,,"Section 9: an official URL can be dead. This needs source replacement, and its responsibility must NOT be verified from the URL path. No replacement is searched for at this stage.",0
S0309,the university of manchester,www.manchester.ac.uk,https://www.manchester.ac.uk/,,False,BODY_EVIDENCE,OK,200,,The University of Manchester,True,NOT_ELIGIBLE,NEEDS_REVIEW,Is this URL an appropriate official source for the university of manchester?,,,0
S0318,the university of manchester,www.manchester.ac.uk,https://www.manchester.ac.uk/discover/key-dates/,www.manchester.ac.uk,False,BODY_EVIDENCE,OK,200,,Key dates at The University of Manchester,True,NOT_ELIGIBLE,NEEDS_REVIEW,Is this URL an appropriate official source for the university of manchester?,,,0
S0313,the university of manchester,www.manchester.ac.uk,https://www.manchester.ac.uk/study/,,False,BODY_EVIDENCE,OK,200,,Study | The University of Manchester,True,NOT_ELIGIBLE,NEEDS_REVIEW,Is this URL an appropriate official source for the university of manchester?,,,0
S0315,the university of manchester,www.manchester.ac.uk,https://www.manchester.ac.uk/study/international/admissions/english-language-requirements/,,False,DEAD_NOT_FOUND,HTTP_ERROR,404,HTTP404: Not Found,,False,NOT_ELIGIBLE,NEEDS_REVIEW,Is this URL an appropriate official source for the university of manchester?,,"Section 9: an official URL can be dead. This needs source replacement, and its responsibility must NOT be verified from the URL path. No replacement is searched for at this stage.",0
S0311,the university of manchester,www.manchester.ac.uk,https://www.manchester.ac.uk/study/masters/applications/,,False,DEAD_NOT_FOUND,HTTP_ERROR,404,HTTP404: Not Found,,False,NOT_ELIGIBLE,NEEDS_REVIEW,Is this URL an appropriate official source for the university of manchester?,,"Section 9: an official URL can be dead. This needs source replacement, and its responsibility must NOT be verified from the URL path. No replacement is searched for at this stage.",0
S0312,the university of manchester,www.manchester.ac.uk,https://www.manchester.ac.uk/study/postgraduate-research/apply/,,False,DEAD_NOT_FOUND,HTTP_ERROR,404,HTTP404: Not Found,,False,NOT_ELIGIBLE,NEEDS_REVIEW,Is this URL an appropriate official source for the university of manchester?,,"Section 9: an official URL can be dead. This needs source replacement, and its responsibility must NOT be verified from the URL path. No replacement is searched for at this stage.",0
S0310,the university of manchester,www.manchester.ac.uk,https://www.manchester.ac.uk/study/undergraduate/applications/,www.manchester.ac.uk,False,BODY_EVIDENCE,OK,200,,Applying for undergraduate study at The University of Manchester,True,NOT_ELIGIBLE,NEEDS_REVIEW,Is this URL an appropriate official source for the university of manchester?,,,34
S0314,the university of manchester,www.manchester.ac.uk,https://www.manchester.ac.uk/study/undergraduate/applications/entry-requirements/,www.manchester.ac.uk,False,BODY_EVIDENCE,OK,200,,Entry requirements | Before you apply | Undergraduate study at The University of Manchester,True,NOT_ELIGIBLE,NEEDS_REVIEW,Is this URL an appropriate official source for the university of manchester?,,,130
S0317,the university of manchester,www.manchester.ac.uk,https://www.manchester.ac.uk/study/undergraduate/applications/how-to-apply/,www.manchester.ac.uk,False,BODY_EVIDENCE,OK,200,,How to apply | Undergraduate study at The University of Manchester,True,NOT_ELIGIBLE,NEEDS_REVIEW,Is this URL an appropriate official source for the university of manchester?,,,8
S0316,the university of manchester,www.manchester.ac.uk,https://www.manchester.ac.uk/study/undergraduate/student-finance/tuition-fees/,www.manchester.ac.uk,False,DEAD_NOT_FOUND,HTTP_ERROR,404,HTTP404: Not Found,,False,NOT_ELIGIBLE,NEEDS_REVIEW,Is this URL an appropriate official source for the university of manchester?,,"Section 9: an official URL can be dead. This needs source replacement, and its responsibility must NOT be verified from the URL path. No replacement is searched for at this stage.",0
S0197,the university of melbourne,students.unimelb.edu.au,https://students.unimelb.edu.au/your-course/manage-your-course/academic-calendar,,False,BLOCKED,BLOCKED,403,HTTP403: access refused by the site,,False,NOT_ELIGIBLE,NEEDS_REVIEW,Is this URL an appropriate official source for the university of melbourne?,Section 8: the domain may still be verifiable from the institution relationship and other pages. Do not fake page-content verification for a body that was never captured.,,0
S0192,the university of melbourne,study.unimelb.edu.au,https://study.unimelb.edu.au/find,,False,BLOCKED,BLOCKED,403,HTTP403: access refused by the site,,False,NOT_ELIGIBLE,NEEDS_REVIEW,Is this URL an appropriate official source for the university of melbourne?,Section 8: the domain may still be verifiable from the institution relationship and other pages. Do not fake page-content verification for a body that was never captured.,,0
S0196,the university of melbourne,study.unimelb.edu.au,https://study.unimelb.edu.au/how-to-apply,,False,BLOCKED,BLOCKED,403,HTTP403: access refused by the site,,False,NOT_ELIGIBLE,NEEDS_REVIEW,Is this URL an appropriate official source for the university of melbourne?,Section 8: the domain may still be verifiable from the institution relationship and other pages. Do not fake page-content verification for a body that was never captured.,,0
S0194,the university of melbourne,study.unimelb.edu.au,https://study.unimelb.edu.au/how-to-apply/english-language-requirements,,False,BLOCKED,BLOCKED,403,HTTP403: access refused by the site,,False,NOT_ELIGIBLE,NEEDS_REVIEW,Is this URL an appropriate official source for the university of melbourne?,Section 8: the domain may still be verifiable from the institution relationship and other pages. Do not fake page-content verification for a body that was never captured.,,0
S0193,the university of melbourne,study.unimelb.edu.au,https://study.unimelb.edu.au/how-to-apply/entry-requirements,,False,BLOCKED,BLOCKED,403,HTTP403: access refused by the site,,False,NOT_ELIGIBLE,NEEDS_REVIEW,Is this URL an appropriate official source for the university of melbourne?,Section 8: the domain may still be verifiable from the institution relationship and other pages. Do not fake page-content verification for a body that was never captured.,,0
S0195,the university of melbourne,study.unimelb.edu.au,https://study.unimelb.edu.au/how-to-apply/fees,,False,BLOCKED,BLOCKED,403,HTTP403: access refused by the site,,False,NOT_ELIGIBLE,NEEDS_REVIEW,Is this URL an appropriate official source for the university of melbourne?,Section 8: the domain may still be verifiable from the institution relationship and other pages. Do not fake page-content verification for a body that was never captured.,,0
S0190,the university of melbourne,study.unimelb.edu.au,https://study.unimelb.edu.au/how-to-apply/graduate-coursework,,False,BLOCKED,BLOCKED,403,HTTP403: access refused by the site,,False,NOT_ELIGIBLE,NEEDS_REVIEW,Is this URL an appropriate official source for the university of melbourne?,Section 8: the domain may still be verifiable from the institution relationship and other pages. Do not fake page-content verification for a body that was never captured.,,0
S0191,the university of melbourne,study.unimelb.edu.au,https://study.unimelb.edu.au/how-to-apply/graduate-research,,False,BLOCKED,BLOCKED,403,HTTP403: access refused by the site,,False,NOT_ELIGIBLE,NEEDS_REVIEW,Is this URL an appropriate official source for the university of melbourne?,Section 8: the domain may still be verifiable from the institution relationship and other pages. Do not fake page-content verification for a body that was never captured.,,0
S0189,the university of melbourne,study.unimelb.edu.au,https://study.unimelb.edu.au/how-to-apply/undergraduate-study,,False,BLOCKED,BLOCKED,403,HTTP403: access refused by the site,,False,NOT_ELIGIBLE,NEEDS_REVIEW,Is this URL an appropriate official source for the university of melbourne?,Section 8: the domain may still be verifiable from the institution relationship and other pages. Do not fake page-content verification for a body that was never captured.,,0
S0188,the university of melbourne,www.unimelb.edu.au,https://www.unimelb.edu.au/,,False,BLOCKED,BLOCKED,403,HTTP403: access refused by the site,,False,NOT_ELIGIBLE,NEEDS_REVIEW,Is this URL an appropriate official source for the university of melbourne?,Section 8: the domain may still be verifiable from the institution relationship and other pages. Do not fake page-content verification for a body that was never captured.,,0
S0164,the university of new south wales (unsw sydney),www.student.unsw.edu.au,https://www.student.unsw.edu.au/calendar,www.unsw.edu.au,True,BODY_EVIDENCE,OK,200,,Academic calendar | Current Students - UNSW Sydney,True,NOT_ELIGIBLE,NEEDS_REVIEW,Is this URL an appropriate official source for the university of new south wales (unsw sydney)?,,,0
S0155,the university of new south wales (unsw sydney),www.unsw.edu.au,https://www.unsw.edu.au/,,False,BODY_EVIDENCE,OK,200,,UNSW Sydney | Australia's #1 university,True,NOT_ELIGIBLE,NEEDS_REVIEW,Is this URL an appropriate official source for the university of new south wales (unsw sydney)?,,,0
S0158,the university of new south wales (unsw sydney),www.unsw.edu.au,https://www.unsw.edu.au/research/hdr,,False,BODY_EVIDENCE,OK,200,,Higher degree research | UNSW Sydney,True,NOT_ELIGIBLE,NEEDS_REVIEW,Is this URL an appropriate official source for the university of new south wales (unsw sydney)?,,,0
S0159,the university of new south wales (unsw sydney),www.unsw.edu.au,https://www.unsw.edu.au/study,,False,BODY_EVIDENCE,OK,200,,Study in Australia | UNSW Sydney,True,NOT_ELIGIBLE,NEEDS_REVIEW,Is this URL an appropriate official source for the university of new south wales (unsw sydney)?,,,5
S0163,the university of new south wales (unsw sydney),www.unsw.edu.au,https://www.unsw.edu.au/study/how-to-apply,,False,BODY_EVIDENCE,OK,200,,Apply to UNSW online | How to apply | UNSW Sydney,True,NOT_ELIGIBLE,NEEDS_REVIEW,Is this URL an appropriate official source for the university of new south wales (unsw sydney)?,,,0
S0161,the university of new south wales (unsw sydney),www.unsw.edu.au,https://www.unsw.edu.au/study/how-to-apply/english-language-requirements,,False,BODY_EVIDENCE,OK,200,,English language requirements | UNSW Sydney,True,NOT_ELIGIBLE,NEEDS_REVIEW,Is this URL an appropriate official source for the university of new south wales (unsw sydney)?,,,19
S0160,the university of new south wales (unsw sydney),www.unsw.edu.au,https://www.unsw.edu.au/study/how-to-apply/entry-requirements,,False,DEAD_NOT_FOUND,HTTP_ERROR,404,HTTP404: Not Found,,False,NOT_ELIGIBLE,NEEDS_REVIEW,Is this URL an appropriate official source for the university of new south wales (unsw sydney)?,,"Section 9: an official URL can be dead. This needs source replacement, and its responsibility must NOT be verified from the URL path. No replacement is searched for at this stage.",0
S0162,the university of new south wales (unsw sydney),www.unsw.edu.au,https://www.unsw.edu.au/study/how-to-apply/fees,,False,BODY_EVIDENCE,OK,200,,"Fees, student loans and financial support | UNSW Sydney",True,NOT_ELIGIBLE,NEEDS_REVIEW,Is this URL an appropriate official source for the university of new south wales (unsw sydney)?,,,4
S0157,the university of new south wales (unsw sydney),www.unsw.edu.au,https://www.unsw.edu.au/study/postgraduate,,False,BODY_EVIDENCE,OK,200,,Postgraduate study | UNSW Sydney,True,NOT_ELIGIBLE,NEEDS_REVIEW,Is this URL an appropriate official source for the university of new south wales (unsw sydney)?,,,2
S0156,the university of new south wales (unsw sydney),www.unsw.edu.au,https://www.unsw.edu.au/study/undergraduate,,False,BODY_EVIDENCE,OK,200,,Undergraduate study | UNSW Sydney,True,NOT_ELIGIBLE,NEEDS_REVIEW,Is this URL an appropriate official source for the university of new south wales (unsw sydney)?,,,3
S0329,the university of queensland,about.uq.edu.au,https://about.uq.edu.au/academic-calendar,,False,BLOCKED,BLOCKED,403,HTTP403: access refused by the site,,False,NOT_ELIGIBLE,NEEDS_REVIEW,Is this URL an appropriate official source for the university of queensland?,Section 8: the domain may still be verifiable from the institution relationship and other pages. Do not fake page-content verification for a body that was never captured.,,0
S0328,the university of queensland,study.uq.edu.au,https://study.uq.edu.au/admissions,,False,BLOCKED,BLOCKED,403,HTTP403: access refused by the site,,False,NOT_ELIGIBLE,NEEDS_REVIEW,Is this URL an appropriate official source for the university of queensland?,Section 8: the domain may still be verifiable from the institution relationship and other pages. Do not fake page-content verification for a body that was never captured.,,0
S0326,the university of queensland,study.uq.edu.au,https://study.uq.edu.au/admissions/english-language-requirements,,False,BLOCKED,BLOCKED,403,HTTP403: access refused by the site,,False,NOT_ELIGIBLE,NEEDS_REVIEW,Is this URL an appropriate official source for the university of queensland?,Section 8: the domain may still be verifiable from the institution relationship and other pages. Do not fake page-content verification for a body that was never captured.,,0
S0325,the university of queensland,study.uq.edu.au,https://study.uq.edu.au/admissions/entry-requirements,,False,BLOCKED,BLOCKED,403,HTTP403: access refused by the site,,False,NOT_ELIGIBLE,NEEDS_REVIEW,Is this URL an appropriate official source for the university of queensland?,Section 8: the domain may still be verifiable from the institution relationship and other pages. Do not fake page-content verification for a body that was never captured.,,0
S0327,the university of queensland,study.uq.edu.au,https://study.uq.edu.au/admissions/fees,,False,BLOCKED,BLOCKED,403,HTTP403: access refused by the site,,False,NOT_ELIGIBLE,NEEDS_REVIEW,Is this URL an appropriate official source for the university of queensland?,Section 8: the domain may still be verifiable from the institution relationship and other pages. Do not fake page-content verification for a body that was never captured.,,0
S0323,the university of queensland,study.uq.edu.au,https://study.uq.edu.au/admissions/graduate-school,,False,BLOCKED,BLOCKED,403,HTTP403: access refused by the site,,False,NOT_ELIGIBLE,NEEDS_REVIEW,Is this URL an appropriate official source for the university of queensland?,Section 8: the domain may still be verifiable from the institution relationship and other pages. Do not fake page-content verification for a body that was never captured.,,0
S0322,the university of queensland,study.uq.edu.au,https://study.uq.edu.au/admissions/postgraduate,,False,BLOCKED,BLOCKED,403,HTTP403: access refused by the site,,False,NOT_ELIGIBLE,NEEDS_REVIEW,Is this URL an appropriate official source for the university of queensland?,Section 8: the domain may still be verifiable from the institution relationship and other pages. Do not fake page-content verification for a body that was never captured.,,0
S0321,the university of queensland,study.uq.edu.au,https://study.uq.edu.au/admissions/undergraduate,,False,BLOCKED,BLOCKED,403,HTTP403: access refused by the site,,False,NOT_ELIGIBLE,NEEDS_REVIEW,Is this URL an appropriate official source for the university of queensland?,Section 8: the domain may still be verifiable from the institution relationship and other pages. Do not fake page-content verification for a body that was never captured.,,0
S0324,the university of queensland,study.uq.edu.au,https://study.uq.edu.au/programs,,False,BLOCKED,BLOCKED,403,HTTP403: access refused by the site,,False,NOT_ELIGIBLE,NEEDS_REVIEW,Is this URL an appropriate official source for the university of queensland?,Section 8: the domain may still be verifiable from the institution relationship and other pages. Do not fake page-content verification for a body that was never captured.,,0
S0320,the university of queensland,www.uq.edu.au,https://www.uq.edu.au/,,False,BODY_EVIDENCE,OK,200,,The University of Queensland,True,NOT_ELIGIBLE,NEEDS_REVIEW,Is this URL an appropriate official source for the university of queensland?,,,0
S0221,the university of sydney,www.sydney.edu.au,https://www.sydney.edu.au/,,False,BODY_EVIDENCE,OK,200,,One of Australia’s top universities - The University of Sydney,True,NOT_ELIGIBLE,NEEDS_REVIEW,Is this URL an appropriate official source for the university of sydney?,,,0
S0225,the university of sydney,www.sydney.edu.au,https://www.sydney.edu.au/courses.html,www.sydney.edu.au,False,BODY_EVIDENCE,OK,200,,Course search - The University of Sydney,True,NOT_ELIGIBLE,NEEDS_REVIEW,Is this URL an appropriate official source for the university of sydney?,,,0
S0230,the university of sydney,www.sydney.edu.au,https://www.sydney.edu.au/students/key-dates.html,,False,BODY_EVIDENCE,OK,200,,Key dates - The University of Sydney,True,NOT_ELIGIBLE,NEEDS_REVIEW,Is this URL an appropriate official source for the university of sydney?,,,1
S0226,the university of sydney,www.sydney.edu.au,https://www.sydney.edu.au/study/applying/admission-requirements.html,,False,DEAD_NOT_FOUND,HTTP_ERROR,404,HTTP404: Not Found,,False,NOT_ELIGIBLE,NEEDS_REVIEW,Is this URL an appropriate official source for the university of sydney?,,"Section 9: an official URL can be dead. This needs source replacement, and its responsibility must NOT be verified from the URL path. No replacement is searched for at this stage.",0
S0229,the university of sydney,www.sydney.edu.au,https://www.sydney.edu.au/study/applying/application-dates.html,,False,BODY_EVIDENCE,OK,200,,Application and semester dates - The University of Sydney,True,NOT_ELIGIBLE,NEEDS_REVIEW,Is this URL an appropriate official source for the university of sydney?,,,0
S0227,the university of sydney,www.sydney.edu.au,https://www.sydney.edu.au/study/applying/english-language-requirements.html,,False,DEAD_NOT_FOUND,HTTP_ERROR,404,HTTP404: Not Found,,False,NOT_ELIGIBLE,NEEDS_REVIEW,Is this URL an appropriate official source for the university of sydney?,,"Section 9: an official URL can be dead. This needs source replacement, and its responsibility must NOT be verified from the URL path. No replacement is searched for at this stage.",0
S0223,the university of sydney,www.sydney.edu.au,https://www.sydney.edu.au/study/applying/how-to-apply/postgraduate-coursework.html,,False,BODY_EVIDENCE,OK,200,,How to apply for postgraduate courses - The University of Sydney,True,NOT_ELIGIBLE,NEEDS_REVIEW,Is this URL an appropriate official source for the university of sydney?,,,18
S0224,the university of sydney,www.sydney.edu.au,https://www.sydney.edu.au/study/applying/how-to-apply/postgraduate-research.html,,False,BODY_EVIDENCE,OK,200,,How to apply for postgraduate research - The University of Sydney,True,NOT_ELIGIBLE,NEEDS_REVIEW,Is this URL an appropriate official source for the university of sydney?,,,27
S0222,the university of sydney,www.sydney.edu.au,https://www.sydney.edu.au/study/applying/how-to-apply/undergraduate.html,,False,BODY_EVIDENCE,OK,200,,How to apply for undergraduate courses - The University of Sydney,True,NOT_ELIGIBLE,NEEDS_REVIEW,Is this URL an appropriate official source for the university of sydney?,,,18
S0228,the university of sydney,www.sydney.edu.au,https://www.sydney.edu.au/study/fees-and-loans.html,,False,BODY_EVIDENCE,OK,200,,"Fees, costs and loans - The University of Sydney",True,NOT_ELIGIBLE,NEEDS_REVIEW,Is this URL an appropriate official source for the university of sydney?,,,0
S0067,ucl,www.ucl.ac.uk,https://www.ucl.ac.uk/,,False,BODY_EVIDENCE,OK,200,,Welcome to UCL | University College London,True,NOT_ELIGIBLE,NEEDS_REVIEW,Is this URL an appropriate official source for ucl?,,,0
S0071,ucl,www.ucl.ac.uk,https://www.ucl.ac.uk/prospective-students/,www.ucl.ac.uk,False,BODY_EVIDENCE,OK,200,,Prospective students | Study at UCL,True,NOT_ELIGIBLE,NEEDS_REVIEW,Is this URL an appropriate official source for ucl?,,,6
S0069,ucl,www.ucl.ac.uk,https://www.ucl.ac.uk/prospective-students/graduate,www.ucl.ac.uk,False,BODY_EVIDENCE,OK,200,,Graduate degrees | Study at UCL,True,NOT_ELIGIBLE,NEEDS_REVIEW,Is this URL an appropriate official source for ucl?,,,6
S0073,ucl,www.ucl.ac.uk,https://www.ucl.ac.uk/prospective-students/graduate/english-language-requirements,www.ucl.ac.uk,False,BODY_EVIDENCE,OK,200,,English Language requirements | Study at UCL,True,NOT_ELIGIBLE,NEEDS_REVIEW,Is this URL an appropriate official source for ucl?,,,12
S0070,ucl,www.ucl.ac.uk,https://www.ucl.ac.uk/prospective-students/graduate/research-degrees,,False,BODY_EVIDENCE,OK,200,,Research degrees | Prospective Students Graduate - UCL – University College London,True,NOT_ELIGIBLE,NEEDS_REVIEW,Is this URL an appropriate official source for ucl?,,,5
S0068,ucl,www.ucl.ac.uk,https://www.ucl.ac.uk/prospective-students/undergraduate,www.ucl.ac.uk,False,BODY_EVIDENCE,OK,200,,Undergraduate | Study at UCL,True,NOT_ELIGIBLE,NEEDS_REVIEW,Is this URL an appropriate official source for ucl?,,,1
S0075,ucl,www.ucl.ac.uk,https://www.ucl.ac.uk/prospective-students/undergraduate/applying-ucl,,False,DEAD_NOT_FOUND,HTTP_ERROR,404,HTTP404: Not Found,,False,NOT_ELIGIBLE,NEEDS_REVIEW,Is this URL an appropriate official source for ucl?,,"Section 9: an official URL can be dead. This needs source replacement, and its responsibility must NOT be verified from the URL path. No replacement is searched for at this stage.",0
S0072,ucl,www.ucl.ac.uk,https://www.ucl.ac.uk/prospective-students/undergraduate/entry-requirements,www.ucl.ac.uk,False,BODY_EVIDENCE,OK,200,,Entry requirements | Study at UCL,True,NOT_ELIGIBLE,NEEDS_REVIEW,Is this URL an appropriate official source for ucl?,,,153
S0074,ucl,www.ucl.ac.uk,https://www.ucl.ac.uk/students/fees-and-funding,www.ucl.ac.uk,False,BODY_EVIDENCE,OK,200,,Student Finances | Study at UCL,True,NOT_ELIGIBLE,NEEDS_REVIEW,Is this URL an appropriate official source for ucl?,,,0
S0076,ucl,www.ucl.ac.uk,https://www.ucl.ac.uk/students/term-dates,www.ucl.ac.uk,False,DEAD_NOT_FOUND,HTTP_ERROR,404,HTTP404: Not Found,,False,NOT_ELIGIBLE,NEEDS_REVIEW,Is this URL an appropriate official source for ucl?,,"Section 9: an official URL can be dead. This needs source replacement, and its responsibility must NOT be verified from the URL path. No replacement is searched for at this stage.",0
S0360,university of british columbia,students.ubc.ca,https://students.ubc.ca/enrolment/finances/tuition-fees,students.ubc.ca,False,BODY_EVIDENCE,OK,200,,Finances | UBC Student Services,True,NOT_ELIGIBLE,NEEDS_REVIEW,Is this URL an appropriate official source for university of british columbia?,,,0
S0357,university of british columbia,www.calendar.ubc.ca,https://www.calendar.ubc.ca/,calendar.ubc.ca,True,BODY_EVIDENCE,OK,200,,Campus Selector | UBC Academic Calendar,True,NOT_ELIGIBLE,NEEDS_REVIEW,Is this URL an appropriate official source for university of british columbia?,,,0
S0362,university of british columbia,www.calendar.ubc.ca,https://www.calendar.ubc.ca/vancouver/index.cfm?tree=2%2C0%2C0%2C0,vancouver.calendar.ubc.ca,True,BODY_EVIDENCE,OK,200,,Admissions | UBC Academic Calendar,True,NOT_ELIGIBLE,NEEDS_REVIEW,Is this URL an appropriate official source for university of british columbia?,,,0
S0359,university of british columbia,www.grad.ubc.ca,https://www.grad.ubc.ca/prospective-students/application-admission/english-language-test,,False,BODY_EVIDENCE,OK,200,,English Language Test | Graduate School at The University of British Columbia (UBC),True,NOT_ELIGIBLE,NEEDS_REVIEW,Is this URL an appropriate official source for university of british columbia?,,,24
S0355,university of british columbia,www.grad.ubc.ca,https://www.grad.ubc.ca/prospective-students/graduate-degree-programs,,False,BODY_EVIDENCE,OK,200,,Graduate Degree Programs | Graduate School at The University of British Columbia (UBC),True,NOT_ELIGIBLE,NEEDS_REVIEW,Is this URL an appropriate official source for university of british columbia?,,,0
S0353,university of british columbia,www.ubc.ca,https://www.ubc.ca/,,False,BODY_EVIDENCE,OK,200,,The University of British Columbia,True,NOT_ELIGIBLE,NEEDS_REVIEW,Is this URL an appropriate official source for university of british columbia?,,,0
S0354,university of british columbia,you.ubc.ca,https://you.ubc.ca/applying-ubc/,,False,BODY_EVIDENCE,OK,200,,Applying to UBC,True,NOT_ELIGIBLE,NEEDS_REVIEW,Is this URL an appropriate official source for university of british columbia?,,,1
S0361,university of british columbia,you.ubc.ca,https://you.ubc.ca/applying-ubc/dates-deadlines/,,False,BODY_EVIDENCE,OK,200,,Dates and deadlines | UBC | Undergraduate Programs and Admissions,True,NOT_ELIGIBLE,NEEDS_REVIEW,Is this URL an appropriate official source for university of british columbia?,,,1
S0358,university of british columbia,you.ubc.ca,https://you.ubc.ca/applying-ubc/requirements/,,False,BODY_EVIDENCE,OK,200,,Admission requirements | UBC | Undergraduate Programs and Admissions,True,NOT_ELIGIBLE,NEEDS_REVIEW,Is this URL an appropriate official source for university of british columbia?,,,1
S0178,"university of california, berkeley (ucb)",admissions.berkeley.edu,https://admissions.berkeley.edu/,,False,BODY_EVIDENCE,OK,200,,Home - Office of Undergraduate Admissions,True,NOT_ELIGIBLE,NEEDS_REVIEW,"Is this URL an appropriate official source for university of california, berkeley (ucb)?",,,7
S0182,"university of california, berkeley (ucb)",admissions.berkeley.edu,https://admissions.berkeley.edu/apply-to-berkeley/,,False,BODY_EVIDENCE,OK,200,,Apply to UC Berkeley - Office of Undergraduate Admissions,True,NOT_ELIGIBLE,NEEDS_REVIEW,"Is this URL an appropriate official source for university of california, berkeley (ucb)?",,,4
S0184,"university of california, berkeley (ucb)",financialaid.berkeley.edu,https://financialaid.berkeley.edu/how-aid-works/student-budgets-cost-of-attendance/,,False,BODY_EVIDENCE,OK,200,,Student Budgets (Cost of Attendance) - Financial Aid & Scholarships,True,NOT_ELIGIBLE,NEEDS_REVIEW,"Is this URL an appropriate official source for university of california, berkeley (ucb)?",,,12
S0179,"university of california, berkeley (ucb)",grad.berkeley.edu,https://grad.berkeley.edu/admissions/,,False,BODY_EVIDENCE,OK,200,,Admissions - Berkeley Graduate Division,True,NOT_ELIGIBLE,NEEDS_REVIEW,"Is this URL an appropriate official source for university of california, berkeley (ucb)?",,,16
S0183,"university of california, berkeley (ucb)",grad.berkeley.edu,https://grad.berkeley.edu/admissions/requirements/,grad.berkeley.edu,False,BODY_EVIDENCE,OK,200,,Admissions Requirements - Berkeley Graduate Division,True,NOT_ELIGIBLE,NEEDS_REVIEW,"Is this URL an appropriate official source for university of california, berkeley (ucb)?",,,20
S0181,"university of california, berkeley (ucb)",guide.berkeley.edu,https://guide.berkeley.edu/,registrar.berkeley.edu,True,BODY_EVIDENCE,OK,200,,Catalog - Office of the Registrar,True,NOT_ELIGIBLE,NEEDS_REVIEW,"Is this URL an appropriate official source for university of california, berkeley (ucb)?",,,2
S0186,"university of california, berkeley (ucb)",registrar.berkeley.edu,https://registrar.berkeley.edu/calendar/,registrar.berkeley.edu,False,BODY_EVIDENCE,OK,200,,Calendars - Office of the Registrar,True,NOT_ELIGIBLE,NEEDS_REVIEW,"Is this URL an appropriate official source for university of california, berkeley (ucb)?",,,0
S0177,"university of california, berkeley (ucb)",www.berkeley.edu,https://www.berkeley.edu/,,False,BODY_EVIDENCE,OK,200,,"University of California, Berkeley: Home",True,NOT_ELIGIBLE,NEEDS_REVIEW,"Is this URL an appropriate official source for university of california, berkeley (ucb)?",,,0
S0365,"university of california, los angeles (ucla)",admission.ucla.edu,https://admission.ucla.edu/,,False,BODY_EVIDENCE,OK,200,,UCLA Undergraduate Admission,True,NOT_ELIGIBLE,NEEDS_REVIEW,"Is this URL an appropriate official source for university of california, los angeles (ucla)?",,,0
S0369,"university of california, los angeles (ucla)",admission.ucla.edu,https://admission.ucla.edu/apply,,False,BODY_EVIDENCE,OK,200,,Apply | UCLA Undergraduate Admission,True,NOT_ELIGIBLE,NEEDS_REVIEW,"Is this URL an appropriate official source for university of california, los angeles (ucla)?",,,4
S0368,"university of california, los angeles (ucla)",catalog.registrar.ucla.edu,https://catalog.registrar.ucla.edu/,,False,BODY_EVIDENCE,OK,200,,UCLA General Catalog,True,NOT_ELIGIBLE,NEEDS_REVIEW,"Is this URL an appropriate official source for university of california, los angeles (ucla)?",,,0
S0371,"university of california, los angeles (ucla)",financialaid.ucla.edu,https://financialaid.ucla.edu/undergraduate/costs,,False,DEAD_NOT_FOUND,HTTP_ERROR,404,HTTP404: Not Found,,False,NOT_ELIGIBLE,NEEDS_REVIEW,"Is this URL an appropriate official source for university of california, los angeles (ucla)?",,"Section 9: an official URL can be dead. This needs source replacement, and its responsibility must NOT be verified from the URL path. No replacement is searched for at this stage.",0
S0366,"university of california, los angeles (ucla)",grad.ucla.edu,https://grad.ucla.edu/admissions/,,False,BODY_EVIDENCE,OK,200,,Graduate Admissions at the University of California Los Angeles | UCLA Graduate Programs,True,NOT_ELIGIBLE,NEEDS_REVIEW,"Is this URL an appropriate official source for university of california, los angeles (ucla)?",,,7
S0370,"university of california, los angeles (ucla)",grad.ucla.edu,https://grad.ucla.edu/admissions/requirements/,grad.ucla.edu,False,BODY_EVIDENCE,OK,200,,Program Profile Report - African Studies,True,NOT_ELIGIBLE,NEEDS_REVIEW,"Is this URL an appropriate official source for university of california, los angeles (ucla)?",,,0
S0373,"university of california, los angeles (ucla)",www.registrar.ucla.edu,https://www.registrar.ucla.edu/term-calendar,registrar.ucla.edu,True,BODY_EVIDENCE,OK,200,,Term Calendar | Registrar’s Office,True,NOT_ELIGIBLE,NEEDS_REVIEW,"Is this URL an appropriate official source for university of california, los angeles (ucla)?",,,0
S0364,"university of california, los angeles (ucla)",www.ucla.edu,https://www.ucla.edu/,,False,BODY_EVIDENCE,OK,200,,A World Leader in Education and Research Excellence | UCLA,True,NOT_ELIGIBLE,NEEDS_REVIEW,"Is this URL an appropriate official source for university of california, los angeles (ucla)?",,,0
S0045,university of cambridge,www.cam.ac.uk,https://www.cam.ac.uk/,,False,BODY_EVIDENCE,OK,200,,University of Cambridge,True,NOT_ELIGIBLE,NEEDS_REVIEW,Is this URL an appropriate official source for university of cambridge?,,,0
S0054,university of cambridge,www.cam.ac.uk,https://www.cam.ac.uk/about-the-university/term-dates-and-calendars,,False,BODY_EVIDENCE,OK,200,,Term dates | University of Cambridge,True,NOT_ELIGIBLE,NEEDS_REVIEW,Is this URL an appropriate official source for university of cambridge?,,,2
S0047,university of cambridge,www.postgraduate.study.cam.ac.uk,https://www.postgraduate.study.cam.ac.uk/application-process,www.postgraduate.study.cam.ac.uk,False,BODY_EVIDENCE,OK,200,,Applying for postgraduate courses at Cambridge | Postgraduate Study,True,NOT_ELIGIBLE,NEEDS_REVIEW,Is this URL an appropriate official source for university of cambridge?,,,1
S0051,university of cambridge,www.postgraduate.study.cam.ac.uk,https://www.postgraduate.study.cam.ac.uk/apply/how/english-language-requirements,,False,DEAD_NOT_FOUND,HTTP_ERROR,404,HTTP404: Not Found,,False,NOT_ELIGIBLE,NEEDS_REVIEW,Is this URL an appropriate official source for university of cambridge?,,"Section 9: an official URL can be dead. This needs source replacement, and its responsibility must NOT be verified from the URL path. No replacement is searched for at this stage.",0
S0048,university of cambridge,www.postgraduate.study.cam.ac.uk,https://www.postgraduate.study.cam.ac.uk/courses,,False,BODY_EVIDENCE,OK,200,,Course Directory | Postgraduate Study,True,NOT_ELIGIBLE,NEEDS_REVIEW,Is this URL an appropriate official source for university of cambridge?,,,0
S0052,university of cambridge,www.postgraduate.study.cam.ac.uk,https://www.postgraduate.study.cam.ac.uk/finance/fees,,False,BODY_EVIDENCE,OK,200,,Tuition fees | Postgraduate Study,True,NOT_ELIGIBLE,NEEDS_REVIEW,Is this URL an appropriate official source for university of cambridge?,,,3
S0046,university of cambridge,www.undergraduate.study.cam.ac.uk,https://www.undergraduate.study.cam.ac.uk/apply,,False,BODY_EVIDENCE,OK,200,,Applying to Cambridge | Undergraduate Study,True,NOT_ELIGIBLE,NEEDS_REVIEW,Is this URL an appropriate official source for university of cambridge?,,,4
S0050,university of cambridge,www.undergraduate.study.cam.ac.uk,https://www.undergraduate.study.cam.ac.uk/apply/before/academic-requirements,,False,DEAD_NOT_FOUND,HTTP_ERROR,404,HTTP404: Not Found,,False,NOT_ELIGIBLE,NEEDS_REVIEW,Is this URL an appropriate official source for university of cambridge?,,"Section 9: an official URL can be dead. This needs source replacement, and its responsibility must NOT be verified from the URL path. No replacement is searched for at this stage.",0
S0053,university of cambridge,www.undergraduate.study.cam.ac.uk,https://www.undergraduate.study.cam.ac.uk/apply/when,,False,DEAD_NOT_FOUND,HTTP_ERROR,404,HTTP404: Not Found,,False,NOT_ELIGIBLE,NEEDS_REVIEW,Is this URL an appropriate official source for university of cambridge?,,"Section 9: an official URL can be dead. This needs source replacement, and its responsibility must NOT be verified from the URL path. No replacement is searched for at this stage.",0
S0049,university of cambridge,www.undergraduate.study.cam.ac.uk,https://www.undergraduate.study.cam.ac.uk/courses,,False,BODY_EVIDENCE,OK,200,,Courses for 2027 entry | Undergraduate Study,True,NOT_ELIGIBLE,NEEDS_REVIEW,Is this URL an appropriate official source for university of cambridge?,,,0
S0208,university of chicago,academic-calendar.uchicago.edu,https://academic-calendar.uchicago.edu/,www.uchicago.edu,True,BLOCKED,BLOCKED,403,HTTP403: access refused by the site,,False,NOT_ELIGIBLE,NEEDS_REVIEW,Is this URL an appropriate official source for university of chicago?,Section 8: the domain may still be verifiable from the institution relationship and other pages. Do not fake page-content verification for a body that was never captured.,,0
S0203,university of chicago,catalog.uchicago.edu,https://catalog.uchicago.edu/,registrar.uchicago.edu,True,BODY_EVIDENCE,OK,200,,Course Catalogs | University Registrar,True,NOT_ELIGIBLE,NEEDS_REVIEW,Is this URL an appropriate official source for university of chicago?,,,8
S0200,university of chicago,collegeadmissions.uchicago.edu,https://collegeadmissions.uchicago.edu/,,False,BODY_EVIDENCE,OK,200,,Undergraduate Admissions | College Admissions,True,NOT_ELIGIBLE,NEEDS_REVIEW,Is this URL an appropriate official source for university of chicago?,,,0
S0204,university of chicago,collegeadmissions.uchicago.edu,https://collegeadmissions.uchicago.edu/apply,collegeadmissions.uchicago.edu,False,BODY_EVIDENCE,OK,200,,Application | College Admissions,True,NOT_ELIGIBLE,NEEDS_REVIEW,Is this URL an appropriate official source for university of chicago?,,,0
S0206,university of chicago,collegeadmissions.uchicago.edu,https://collegeadmissions.uchicago.edu/cost-aid,collegeadmissions.uchicago.edu,False,BODY_EVIDENCE,OK,200,,Financial Overview | College Admissions,True,NOT_ELIGIBLE,NEEDS_REVIEW,Is this URL an appropriate official source for university of chicago?,,,0
S0201,university of chicago,grad.uchicago.edu,https://grad.uchicago.edu/admissions/,,False,BODY_EVIDENCE,OK,200,,Admissions - UChicagoGRAD | The University of Chicago,True,NOT_ELIGIBLE,NEEDS_REVIEW,Is this URL an appropriate official source for university of chicago?,,,25
S0205,university of chicago,grad.uchicago.edu,https://grad.uchicago.edu/admissions/application-process/,,False,DEAD_NOT_FOUND,HTTP_ERROR,404,HTTP404: Not Found,,False,NOT_ELIGIBLE,NEEDS_REVIEW,Is this URL an appropriate official source for university of chicago?,,"Section 9: an official URL can be dead. This needs source replacement, and its responsibility must NOT be verified from the URL path. No replacement is searched for at this stage.",0
S0199,university of chicago,www.uchicago.edu,https://www.uchicago.edu/,,False,BLOCKED,BLOCKED,403,HTTP403: access refused by the site,,False,NOT_ELIGIBLE,NEEDS_REVIEW,Is this URL an appropriate official source for university of chicago?,Section 8: the domain may still be verifiable from the institution relationship and other pages. Do not fake page-content verification for a body that was never captured.,,0
S0023,university of oxford,www.ox.ac.uk,https://www.ox.ac.uk/,,False,BLOCKED,BLOCKED,403,HTTP403: access refused by the site,,False,NOT_ELIGIBLE,NEEDS_REVIEW,Is this URL an appropriate official source for university of oxford?,Section 8: the domain may still be verifiable from the institution relationship and other pages. Do not fake page-content verification for a body that was never captured.,,0
S0032,university of oxford,www.ox.ac.uk,https://www.ox.ac.uk/about/facts-and-figures/dates-of-term,,False,BLOCKED,BLOCKED,403,HTTP403: access refused by the site,,False,NOT_ELIGIBLE,NEEDS_REVIEW,Is this URL an appropriate official source for university of oxford?,Section 8: the domain may still be verifiable from the institution relationship and other pages. Do not fake page-content verification for a body that was never captured.,,0
S0025,university of oxford,www.ox.ac.uk,https://www.ox.ac.uk/admissions/graduate,,False,BLOCKED,BLOCKED,403,HTTP403: access refused by the site,,False,NOT_ELIGIBLE,NEEDS_REVIEW,Is this URL an appropriate official source for university of oxford?,Section 8: the domain may still be verifiable from the institution relationship and other pages. Do not fake page-content verification for a body that was never captured.,,0
S0029,university of oxford,www.ox.ac.uk,https://www.ox.ac.uk/admissions/graduate/applying-to-oxford/application-guide/entry-requirements/english-language-requirements,,False,BLOCKED,BLOCKED,403,HTTP403: access refused by the site,,False,NOT_ELIGIBLE,NEEDS_REVIEW,Is this URL an appropriate official source for university of oxford?,Section 8: the domain may still be verifiable from the institution relationship and other pages. Do not fake page-content verification for a body that was never captured.,,0
S0027,university of oxford,www.ox.ac.uk,https://www.ox.ac.uk/admissions/graduate/courses,,False,BLOCKED,BLOCKED,403,HTTP403: access refused by the site,,False,NOT_ELIGIBLE,NEEDS_REVIEW,Is this URL an appropriate official source for university of oxford?,Section 8: the domain may still be verifiable from the institution relationship and other pages. Do not fake page-content verification for a body that was never captured.,,0
S0024,university of oxford,www.ox.ac.uk,https://www.ox.ac.uk/admissions/undergraduate,,False,BLOCKED,BLOCKED,403,HTTP403: access refused by the site,,False,NOT_ELIGIBLE,NEEDS_REVIEW,Is this URL an appropriate official source for university of oxford?,Section 8: the domain may still be verifiable from the institution relationship and other pages. Do not fake page-content verification for a body that was never captured.,,0
S0031,university of oxford,www.ox.ac.uk,https://www.ox.ac.uk/admissions/undergraduate/applying-to-oxford/guide,,False,BLOCKED,BLOCKED,403,HTTP403: access refused by the site,,False,NOT_ELIGIBLE,NEEDS_REVIEW,Is this URL an appropriate official source for university of oxford?,Section 8: the domain may still be verifiable from the institution relationship and other pages. Do not fake page-content verification for a body that was never captured.,,0
S0028,university of oxford,www.ox.ac.uk,https://www.ox.ac.uk/admissions/undergraduate/courses/course-requirements,,False,BLOCKED,BLOCKED,403,HTTP403: access refused by the site,,False,NOT_ELIGIBLE,NEEDS_REVIEW,Is this URL an appropriate official source for university of oxford?,Section 8: the domain may still be verifiable from the institution relationship and other pages. Do not fake page-content verification for a body that was never captured.,,0
S0030,university of oxford,www.ox.ac.uk,https://www.ox.ac.uk/students/fees-funding,,False,BLOCKED,BLOCKED,403,HTTP403: access refused by the site,,False,NOT_ELIGIBLE,NEEDS_REVIEW,Is this URL an appropriate official source for university of oxford?,Section 8: the domain may still be verifiable from the institution relationship and other pages. Do not fake page-content verification for a body that was never captured.,,0
S0112,university of pennsylvania,admissions.upenn.edu,https://admissions.upenn.edu/,,False,BODY_EVIDENCE,OK,200,,Home | Penn Admissions,True,NOT_ELIGIBLE,NEEDS_REVIEW,Is this URL an appropriate official source for university of pennsylvania?,,,0
S0119,university of pennsylvania,admissions.upenn.edu,https://admissions.upenn.edu/admissions-and-financial-aid/first-year-applicants,,False,DEAD_NOT_FOUND,HTTP_ERROR,404,HTTP404: Not Found,,False,NOT_ELIGIBLE,NEEDS_REVIEW,Is this URL an appropriate official source for university of pennsylvania?,,"Section 9: an official URL can be dead. This needs source replacement, and its responsibility must NOT be verified from the URL path. No replacement is searched for at this stage.",0
S0117,university of pennsylvania,admissions.upenn.edu,https://admissions.upenn.edu/admissions-and-financial-aid/international-applicants,,False,DEAD_NOT_FOUND,HTTP_ERROR,404,HTTP404: Not Found,,False,NOT_ELIGIBLE,NEEDS_REVIEW,Is this URL an appropriate official source for university of pennsylvania?,,"Section 9: an official URL can be dead. This needs source replacement, and its responsibility must NOT be verified from the URL path. No replacement is searched for at this stage.",0
S0116,university of pennsylvania,admissions.upenn.edu,https://admissions.upenn.edu/admissions-and-financial-aid/what-penn-looks-for,admissions.upenn.edu,False,BODY_EVIDENCE,OK,200,,Preparing Your Application | Penn Admissions,True,NOT_ELIGIBLE,NEEDS_REVIEW,Is this URL an appropriate official source for university of pennsylvania?,,,0
S0120,university of pennsylvania,almanac.upenn.edu,https://almanac.upenn.edu/penn-academic-calendar,,False,BODY_EVIDENCE,OK,200,,University of Pennsylvania Academic Calendar | University of Pennsylvania Almanac,True,NOT_ELIGIBLE,NEEDS_REVIEW,Is this URL an appropriate official source for university of pennsylvania?,,,0
S0115,university of pennsylvania,catalog.upenn.edu,https://catalog.upenn.edu/,,False,OTHER_HTTP,HTTP_ERROR,202,HTTP202: unexpected status 202,,False,NOT_ELIGIBLE,NEEDS_REVIEW,Is this URL an appropriate official source for university of pennsylvania?,,,0
S0118,university of pennsylvania,srfs.upenn.edu,https://srfs.upenn.edu/costs-budgeting/undergraduate,,False,DEAD_NOT_FOUND,HTTP_ERROR,404,HTTP404: Not Found,,False,NOT_ELIGIBLE,NEEDS_REVIEW,Is this URL an appropriate official source for university of pennsylvania?,,"Section 9: an official URL can be dead. This needs source replacement, and its responsibility must NOT be verified from the URL path. No replacement is searched for at this stage.",0
S0113,university of pennsylvania,www.gsas.upenn.edu,https://www.gsas.upenn.edu/graduate-admissions,,False,DEAD_HOST,NAME_NOT_RESOLVED,,NameNotResolved: the name does not resolve: [Errno 11001] getaddrinfo failed,,False,NOT_ELIGIBLE,NEEDS_REVIEW,Is this URL an appropriate official source for university of pennsylvania?,,"Section 9: an official URL can be dead. This needs source replacement, and its responsibility must NOT be verified from the URL path. No replacement is searched for at this stage.",0
S0111,university of pennsylvania,www.upenn.edu,https://www.upenn.edu/,,False,BODY_EVIDENCE,OK,200,,University of Pennsylvania,True,NOT_ELIGIBLE,NEEDS_REVIEW,Is this URL an appropriate official source for university of pennsylvania?,,,0
S0269,university of toronto,artsci.calendar.utoronto.ca,https://artsci.calendar.utoronto.ca/,,False,BODY_EVIDENCE,OK,200,,2026-27 Academic Calendar | Academic Calendar,True,NOT_ELIGIBLE,NEEDS_REVIEW,Is this URL an appropriate official source for university of toronto?,,,0
S0266,university of toronto,future.utoronto.ca,https://future.utoronto.ca/,,False,BODY_EVIDENCE,OK,200,,Your future starts here | Future Students. University of Toronto,True,NOT_ELIGIBLE,NEEDS_REVIEW,Is this URL an appropriate official source for university of toronto?,,,1
S0273,university of toronto,future.utoronto.ca,https://future.utoronto.ca/apply/applying/,future.utoronto.ca,False,BODY_EVIDENCE,OK,200,,Applying | Future Students. University of Toronto,True,NOT_ELIGIBLE,NEEDS_REVIEW,Is this URL an appropriate official source for university of toronto?,,,0
S0270,university of toronto,future.utoronto.ca,https://future.utoronto.ca/apply/requirements/,future.utoronto.ca,False,BODY_EVIDENCE,OK,200,,Requirements | Future Students. University of Toronto,True,NOT_ELIGIBLE,NEEDS_REVIEW,Is this URL an appropriate official source for university of toronto?,,,11
S0272,university of toronto,future.utoronto.ca,https://future.utoronto.ca/finances/tuition-fees/,,False,DEAD_NOT_FOUND,HTTP_ERROR,404,HTTP404: Not Found,,False,NOT_ELIGIBLE,NEEDS_REVIEW,Is this URL an appropriate official source for university of toronto?,,"Section 9: an official URL can be dead. This needs source replacement, and its responsibility must NOT be verified from the URL path. No replacement is searched for at this stage.",0
S0267,university of toronto,www.sgs.utoronto.ca,https://www.sgs.utoronto.ca/admissions/,www.sgs.utoronto.ca,False,BODY_EVIDENCE,OK,200,,Admission & Application Requirements – School of Graduate Studies,True,NOT_ELIGIBLE,NEEDS_REVIEW,Is this URL an appropriate official source for university of toronto?,,,18
S0271,university of toronto,www.sgs.utoronto.ca,https://www.sgs.utoronto.ca/admissions/international-applicants/english-language-proficiency/,www.sgs.utoronto.ca,False,BODY_EVIDENCE,OK,200,,English-Language Proficiency Testing – School of Graduate Studies,True,NOT_ELIGIBLE,NEEDS_REVIEW,Is this URL an appropriate official source for university of toronto?,,,18
S0265,university of toronto,www.utoronto.ca,https://www.utoronto.ca/,,False,BLOCKED,BLOCKED,403,HTTP403: access refused by the site,,False,NOT_ELIGIBLE,NEEDS_REVIEW,Is this URL an appropriate official source for university of toronto?,Section 8: the domain may still be verifiable from the institution relationship and other pages. Do not fake page-content verification for a body that was never captured.,,0
S0274,university of toronto,www.utoronto.ca,https://www.utoronto.ca/academics/key-dates,,False,BLOCKED,BLOCKED,403,HTTP403: access refused by the site,,False,NOT_ELIGIBLE,NEEDS_REVIEW,Is this URL an appropriate official source for university of toronto?,Section 8: the domain may still be verifiable from the institution relationship and other pages. Do not fake page-content verification for a body that was never captured.,,0
S0134,yale university,admissions.yale.edu,https://admissions.yale.edu/,,False,BODY_EVIDENCE,OK,200,,Undergraduate Admissions,True,NOT_ELIGIBLE,NEEDS_REVIEW,Is this URL an appropriate official source for yale university?,,,1
S0138,yale university,admissions.yale.edu,https://admissions.yale.edu/first-year-application-process,admissions.yale.edu,False,BODY_EVIDENCE,OK,200,,Apply to Yale as a First-Year Student | Undergraduate Admissions,True,NOT_ELIGIBLE,NEEDS_REVIEW,Is this URL an appropriate official source for yale university?,,,14
S0140,yale university,admissions.yale.edu,https://admissions.yale.edu/tuition-and-financial-aid,,False,DEAD_NOT_FOUND,HTTP_ERROR,404,HTTP404: Not Found,,False,NOT_ELIGIBLE,NEEDS_REVIEW,Is this URL an appropriate official source for yale university?,,"Section 9: an official URL can be dead. This needs source replacement, and its responsibility must NOT be verified from the URL path. No replacement is searched for at this stage.",0
S0137,yale university,catalog.yale.edu,https://catalog.yale.edu/,,False,BODY_EVIDENCE,OK,200,,Yale University Publications < Yale University,True,NOT_ELIGIBLE,NEEDS_REVIEW,Is this URL an appropriate official source for yale university?,,,0
S0142,yale university,catalog.yale.edu,https://catalog.yale.edu/ycps/academic-calendar/,,False,DEAD_NOT_FOUND,HTTP_ERROR,404,HTTP404: Not Found,,False,NOT_ELIGIBLE,NEEDS_REVIEW,Is this URL an appropriate official source for yale university?,,"Section 9: an official URL can be dead. This needs source replacement, and its responsibility must NOT be verified from the URL path. No replacement is searched for at this stage.",0
S0135,yale university,gsas.yale.edu,https://gsas.yale.edu/admissions,,False,BODY_EVIDENCE,OK,200,,Admissions | Yale Graduate School of Arts and Sciences,True,NOT_ELIGIBLE,NEEDS_REVIEW,Is this URL an appropriate official source for yale university?,,,14
S0139,yale university,gsas.yale.edu,https://gsas.yale.edu/admissions/international-applicants,gsas.yale.edu,False,BODY_EVIDENCE,OK,200,,Guidance for International Students | Yale Graduate School of Arts and Sciences,True,NOT_ELIGIBLE,NEEDS_REVIEW,Is this URL an appropriate official source for yale university?,,,10
S0133,yale university,www.yale.edu,https://www.yale.edu/,,False,BODY_EVIDENCE,OK,200,,Yale University,True,NOT_ELIGIBLE,NEEDS_REVIEW,Is this URL an appropriate official source for yale university?,,,0
